ngrama,coeficiente,pct_missing_train,pct_missing_test
bosqu pin,0.48290795,99.715355,100.0
bosqu medin,0.37811315,99.76969,100.0
ascensor priv,0.35498852,99.78263,100.0
ideal oficin,0.34815806,99.301315,99.85417
san felip,0.31278303,98.89505,99.69862
oficin ban,0.29717508,99.640305,99.815285
colin sub,0.29383463,99.239204,99.85417
jardn interior,0.27287993,99.69982,99.73751
comedor aux,0.27179632,99.774864,99.77639
sal conductor,0.26756474,99.40482,99.41669
canch tennis,0.26179498,99.723114,99.5139
jaul golf,0.23559286,99.80592,99.591675
espectacul penthous,0.22822201,99.78263,99.64029
mls rentahous,0.21679917,99.549736,99.212524
pati traser,0.21012767,99.774864,99.72778
rea lot,0.20708205,99.63513,99.77639
cubiert vehicul,0.20517394,99.67653,99.73751
centr comercial estacion,0.20502017,99.767105,99.77639
jardin interior,0.2043053,99.67136,99.62084
pol club,0.19911602,99.82145,99.825005
isla central,0.19021988,99.27544,99.2514
family room,0.18819746,98.962326,99.13475
pent hous,0.18640342,94.33301,92.718254
cubiert descubiert,0.18602581,99.11241,99.05697
esquiner nivel,0.18458204,97.38639,97.0737
parqu country,0.18317318,99.723114,99.825005
chic navarr,0.18025419,99.72829,99.73751
estudi nivel,0.17993692,99.645485,99.62084
cerr sub,0.17757931,99.135704,99.222244
mejor zon,0.17733425,99.81368,99.74723
carolin usaqun,0.17173207,99.73347,99.63056
sant ana,0.1692192,99.645485,99.815285
nivel are,0.16760017,98.92092,99.66946
acogedor espaci,0.1611425,99.7904,99.562515
exclus conjunt,0.15899026,99.76969,100.0
hermos penthous,0.15647148,98.522415,98.77503
pati intern,0.15642673,99.619606,99.74723
ban jacuzzi,0.15445079,99.16416,99.212524
viviend oficin,0.1542393,99.81627,99.9125
constru ubic barri,0.1519285,99.83439,99.78612
parqueader vehicul,0.15125932,99.73605,99.72778
muebl bibliotec,0.15082538,99.83439,99.75695
principal jacuzzi,0.14910664,99.78522,99.79584
cuart servici,0.14846349,99.68171,99.688896
cerr ampli,0.1477871,99.705,99.77639
call cien,0.14637467,99.38671,99.2514
luz trifas,0.14528243,97.45627,98.726425
chic reserv,0.14366426,98.253296,99.26113
line independient,0.14288154,99.71277,99.78612
visit alcob,0.14054428,99.5368,99.47501
penthous duplex,0.13981128,99.66618,99.53334
garaj vehicul,0.13954449,99.79557,99.90278
cuart ntild servici,0.13760135,99.82145,99.87361
estudi star,0.13725084,99.72829,99.88334
local pis,0.13568813,99.684296,99.6014
distribu nivel,0.1322295,99.62737,99.89306
acces direct,0.13054167,99.761925,99.17364
are terren,0.1301398,99.82145,99.87361
terraz balcon,0.12921076,99.18228,99.329185
san patrici,0.12773836,99.69206,100.0
comedor auxili,0.12772667,98.545715,98.979195
niz nort,0.12759164,98.78119,99.63056
chic nort,0.1272993,99.81627,99.95139
alcob pis mader,0.12677443,98.043686,97.45286
barri modeli,0.12659746,99.73347,99.65001
barri carolin,0.12575814,98.70873,98.94031
zon lavanderi terraz,0.12474189,99.66618,99.61112
sal principal,0.12261465,87.3853,85.8253
ubic chic,0.121696405,98.93645,98.82364
canch tenis,0.12080881,99.67912,99.41669
estudi comedor,0.1194019,99.59631,99.6014
mts2 mts2,0.11928933,99.60149,99.562515
m23 habit,0.119170435,99.6429,99.805565
sant paul,0.11849515,99.02702,98.988914
pis marmol,0.11833464,99.187454,98.988914
constru lot,0.11774492,97.26736,95.518196
aven sub,0.115765385,99.6429,99.30002
terraz edifici,0.11473945,99.80075,99.815285
are lot,0.113874644,99.51868,99.348625
complet social,0.112421185,99.52904,99.319466
sal esper,0.11043064,96.95682,96.25706
habit servici,0.11001195,99.161575,98.6292
cerc banc,0.107754976,96.62819,98.22089
bao servici,0.1063044,98.848465,99.48473
previ fin,0.10615814,99.60149,99.90278
comercial transport public,0.106149234,98.605225,98.366714
pati jardin,0.10557559,99.45141,99.329185
closet alcob,0.10542368,99.74381,99.572235
rop garaj cubiert,0.104819864,97.62188,97.82228
comercial nivel,0.10474881,99.75675,99.79584
excelent carolin,0.10464153,99.505745,98.8042
terraz cuart,0.10355321,99.24956,99.40697
complet ban,0.10339584,99.27803,99.815285
cuart ban,0.1030402,99.58855,99.572235
sub boyac,0.103032924,99.7464,99.98056
sal cin,0.10297215,99.03737,98.87225
air pur,0.10268173,99.54715,99.086136
estudi independient,0.10213469,99.62478,99.73751
inf flor,0.10163961,89.535614,88.52796
segur excelent,0.101163,98.23259,97.608406
ciud salitr,0.10105578,99.63513,99.64029
zon segur,0.100644946,98.70615,98.65837
local comercial,0.10051326,99.8111,99.591675
alcob servici,0.10029117,99.435875,99.465294
estudi balcn,0.10020113,97.86513,98.21116
pis estudi,0.099561885,99.25473,99.47501
parqueader carr,0.0995189,99.76452,99.805565
independient terraz,0.09899019,99.684296,99.83473
estudi sal,0.09822675,98.91057,99.40697
social alcob ban,0.097508155,99.774864,99.84445
ampli comedor,0.097186364,99.77745,99.65973
lind edifici,0.09606778,99.575615,99.338905
nivel const alcob,0.09605701,99.72829,99.688896
sal junt,0.09563426,99.8111,99.52362
excelent zon residencial,0.095246375,99.79557,99.65973
espaci parqueader,0.09503053,98.99079,99.2514
duplex sant,0.0949424,99.42035,99.241684
sal star,0.09449727,99.73347,99.61112
ban inclu,0.09447297,98.77342,98.745865
espaci ampli,0.0937127,99.75675,99.73751
mtrs2 constru,0.09368165,99.69982,99.6014
pati interior,0.09360523,98.78119,98.83337
const nivel garaj,0.09357576,99.60407,99.62084
espaci gener,0.093545236,99.05548,99.15419
comunal terraz comunal,0.09347541,98.76825,98.43476
centr comercial hayue,0.0928172,99.54456,99.43613
sal auxili,0.09271208,99.81886,99.688896
sant barb,0.09244238,99.40482,99.41669
balcon terraz,0.0919681,99.614426,99.61112
nivel local,0.09192267,99.76969,99.98056
terraz sal comedor,0.09130209,95.792404,96.159836
estudi parqueader deposit,0.091034554,99.244385,99.329185
zon exclus,0.09047026,99.25732,99.36807
chimene gas,0.09032499,98.483604,98.45421
antejardin garaj,0.09030322,97.49508,97.21953
sal sal comedor,0.090257645,99.710175,99.72778
barb sant barb,0.09002038,99.68688,99.465294
piscin turc,0.08993319,99.80851,99.70834
local ban,0.08961553,99.68688,99.92222
caob 147,0.08923798,99.82921,99.95139
estudi bibliotec,0.08917092,99.29614,99.39724
alcob ppal,0.08908616,97.75385,97.32647
comercial barri,0.08868884,98.47843,98.22089
xxx excelent,0.08789961,98.79154,98.7167
vend espectacul,0.08784054,99.52386,99.69862
pati nivel,0.08768741,99.68688,99.54307
priv principal,0.087452605,99.836975,99.72778
deposit gimnasi,0.087447,95.7717,95.59597
ubic callej,0.08694223,98.93904,99.74723
balcon estudi cocin,0.08562112,99.7464,99.95139
principal vesti,0.08559107,99.5368,99.572235
comercial residencial,0.08489895,98.81741,98.08478
exclus sector,0.0848531,99.761925,100.0
ban servici,0.08473182,99.844734,99.581955
tenis canch,0.083991595,99.84732,99.99028
recod country,0.08397221,99.549736,99.99028
servici parqueader deposit,0.08380829,99.67136,100.0
acab luj,0.083500385,99.71794,99.61112
ilumin natural edifici,0.08348259,99.48763,99.86389
comedor independient,0.0833572,99.15382,99.35835
estudi terraz,0.08314827,96.50398,97.63757
calder plant,0.08288927,99.77745,99.84445
cubiert line,0.08264391,99.824036,99.825005
lag cordob,0.08244424,99.836975,99.77639
exclus zon,0.08239268,99.15123,98.26949
estudi balcon,0.08210082,99.42552,99.931946
teusaquill cod,0.08207001,99.77228,99.2028
rcj rentahous,0.08127765,99.07877,98.67781
exterior ano constru,0.08067339,99.31684,99.5139
abiert isla,0.08057652,99.80851,99.88334
star alcob,0.0805002,97.999695,97.511185
nivel espaci,0.07988377,99.824036,99.87361
diecioch cer,0.07975365,99.73088,99.94167
terraz alcob,0.07974563,99.80592,99.98056
pgin web,0.079728484,99.74899,99.87361
tip isla,0.079575546,99.74899,99.73751
mejor sector,0.07921418,99.8111,99.98056
deposit cuart,0.07913449,99.640305,99.66946
sector comercial,0.07902461,99.21333,99.38751
ubic sant,0.078870535,99.831795,99.931946
barri ciud,0.07866553,97.916885,97.70562
country club,0.07832844,98.80707,98.19171
deposit pis lamin,0.078086615,99.702415,99.76667
garaj cubiert carr,0.07777092,99.42552,97.70562
sal comedor estudi,0.07721917,99.65583,99.65973
terraz habit,0.07676102,99.11241,99.329185
pati rop garaj,0.0766012,99.56009,99.54307
pis local,0.07613465,99.52386,99.76667
chimene pis,0.075940594,99.72829,99.6014
bao estudi,0.074968204,99.3039,99.27086
priv cuart,0.07483303,99.46693,99.39724
barri callej,0.074608035,99.81886,99.90278
piscin saun turc,0.074600525,96.0848,97.33619
gas ban,0.0742821,99.77228,99.40697
club country,0.073433824,99.80592,100.0
nicol federm,0.07335809,99.71794,99.97083
rod naturalez,0.072758555,99.67912,99.75695
usaqun cod vmisx,0.072520666,99.780045,99.88334
habit ban priv,0.07246072,99.71277,99.805565
cubiert carr,0.07198535,99.52644,99.62084
zon lavanderi pati,0.07145244,99.62737,99.581955
terraz cocin abiert,0.071069635,99.831795,99.90278
nqs call,0.071038134,99.78263,99.86389
comedor alcob cocin,0.07087332,98.90022,98.54171
star estudi,0.070858724,99.441055,99.348625
walking closet,0.07082206,99.79816,99.99028
priv estudi,0.07072483,99.645485,99.94167
ban vesti,0.07042284,99.091705,99.69862
espaci garaj,0.070393644,99.2832,100.0
jimenez xxx excelent,0.07017208,99.81627,99.95139
acces terraz,0.06985519,99.7464,99.9125
estudi garaj,0.069791496,99.34789,99.77639
estudi ban social,0.069721505,99.67394,99.72778
plant electr,0.06967258,99.761925,99.75695
vist ciud,0.068546765,99.7257,99.348625
chimene estudi,0.06831743,99.72829,99.63056
modern edifici,0.068267815,99.161575,99.086136
pis encontr,0.06797113,99.80334,99.96111
servici estudi,0.06790125,99.697235,99.65001
acept permut,0.06784188,99.252144,98.88198
cuart bao,0.06771243,99.76452,99.69862
minut aeropuert,0.0675523,99.15899,99.40697
walk closet,0.06746556,98.76566,98.376434
estudi zon,0.06727162,99.2832,99.26113
excelent segur,0.066994786,99.07877,99.105576
residencial excelent,0.06698504,99.65842,99.465294
complet dot,0.066945516,99.62996,99.14447
ciud mont,0.066271715,99.68171,99.94167
balcon chimene,0.06625722,99.75934,99.63056
jardin exterior,0.06616215,99.76969,99.88334
frent fond,0.06608637,99.322014,99.03753
estudi alcob,0.06590475,98.892456,99.03753
chimene sal,0.065883175,99.7257,99.78612
priv jacuzzi,0.06587805,99.0089,99.54307
sector chic,0.0656345,99.836975,99.95139
call carrer,0.06523079,99.80334,99.78612
cerr oriental,0.0650326,99.34789,99.53334
pagin web,0.06502537,99.54198,99.47501
respect ban,0.06498404,99.13052,98.852806
comercial unicentr,0.064978994,99.80334,99.98056
favor comunicar,0.06479947,99.80334,99.98056
sal cocin integral,0.06474007,99.28579,98.84309
deposit are,0.06468674,95.93731,95.69319
cerc aeropuert,0.06455704,99.28062,99.19308
estudi hall,0.06431449,99.73864,99.688896
complet remodel,0.06414662,99.34271,99.231964
acces cra call,0.06408554,98.1058,98.46393
parqu via,0.06369379,99.824036,99.92222
cortin electr,0.06364254,98.81741,98.95003
sal comedor independient,0.06309211,96.75499,96.11123
alcob pati,0.062868096,99.583374,99.455574
rentahous vend,0.062651284,99.78781,99.825005
pis bodeg,0.06257513,98.53795,97.72507
vist espectacul,0.062501125,99.7904,99.72778
dobl altur,0.062377013,99.353065,99.17364
bao servici zon,0.062111586,93.90864,96.00429
esquiner vist,0.062073693,99.2418,98.95975
rop pati,0.061940942,98.0411,99.05697
lavanderi ampli,0.06169869,99.7904,99.99028
embaj american,0.06153008,99.76452,99.83473
mts2 alcob,0.061294135,99.79557,99.84445
comedor alcob closet,0.061083723,99.353065,99.319466
vigil permanent,0.060512014,97.60117,96.12096
espectacul ampli,0.060499795,99.59631,99.2514
terraz cocin,0.060416404,98.46808,98.46393
nivel sal chimene,0.06028624,99.619606,99.48473
independient hall alcob,0.059954774,99.46434,99.688896
terraz sal,0.05987852,99.710175,99.815285
cerc unicentr,0.059877522,96.46,96.8501
pis ceram cocin,0.059799053,99.632545,99.78612
turc saun,0.05949142,98.12391,98.006996
servici vist exterior,0.05907287,99.67394,99.815285
excelent conjunt,0.059028916,99.78781,99.688896
servici bao,0.058865465,99.422935,99.465294
ubic via principal,0.058827803,99.30649,99.231964
clinic centr,0.05863514,99.767105,99.66946
estudi pati,0.058626786,99.774864,99.72778
sector residencial cerc,0.058325652,99.68688,99.66946
alcob principal walking,0.05816326,99.461754,99.87361
terraz pis mader,0.05815805,96.32803,96.48066
residencial comercial,0.05775236,99.67653,99.74723
ampli cocin abiert,0.057745297,99.54198,99.552795
tech mader,0.057554767,99.67394,99.98056
pis espaci,0.05755232,99.8111,99.98056
integral ampli,0.05741556,99.49539,99.572235
exit carull,0.05726397,99.22109,98.8917
bbq parqueader,0.05711504,99.80592,99.85417
ampli estudi,0.05652209,99.71277,99.83473
terraz ban,0.056497212,99.69206,99.54307
acces transport public,0.056427967,99.391884,99.63056
estudi chimene,0.05633485,99.75158,99.825005
zon ampli,0.05606351,99.78781,99.86389
comod espaci,0.055939406,99.29873,99.03753
inform comunicar,0.055656254,99.54198,99.66946
lavanderi independient cuart,0.055639174,92.337975,94.45851
chimene terraz,0.055078425,93.09355,95.62514
hall alcob,0.055025212,99.824036,99.825005
hall alcob sal,0.054970145,89.67535,83.69628
zon humed,0.05481666,99.46952,99.2028
ban auxili habit,0.054799326,99.13829,98.47365
terraz ubic,0.05468298,85.87371,83.12272
centr comercial clinic,0.05457979,99.448814,99.54307
salon negoci,0.05444969,97.07068,96.266785
chimene zon,0.054433797,99.761925,99.67918
sant bibian,0.05440235,99.684296,99.62084
comod via acces,0.054055262,99.75934,99.84445
ampli acogedor,0.05405108,99.36342,99.309746
lind estren,0.053974558,99.836975,99.04725
jueg nio,0.053929277,99.38671,99.99028
servici balcon,0.053895105,99.58855,99.49446
balcon ampli,0.05386911,98.284355,98.25977
sant brbar,0.053775262,99.46434,99.591675
bbq cocin,0.053767398,98.61299,98.998634
zon bbq zon,0.053563748,99.40482,99.591675
hall entrad,0.053481027,99.5368,99.572235
independient cocin integral,0.05341946,98.71391,97.80284
jardin infantil,0.053317178,99.831795,99.66946
estudi pis mader,0.05296671,99.19005,98.979195
comedor sal,0.052950203,99.5782,99.79584
teatrin gimnasi,0.052695803,99.68171,99.53334
nivel ampli,0.052646965,99.697235,99.84445
vist occident,0.052573636,99.51609,99.64029
hall habit,0.05253502,99.6636,99.75695
san jos,0.05250827,99.792984,99.70834
terraz pati,0.05246518,99.096886,99.38751
plant suplenci,0.05233869,99.56785,99.5139
esquiner excelent,0.052203014,95.42238,91.69741
deposit edifici gimnasi,0.05214879,99.82662,99.78612
salon social parqueader,0.051508076,99.7464,98.998634
ampli espaci,0.05137932,99.59373,99.2514
total remodel,0.051355436,94.5426,92.825195
espaci abiert,0.05132071,99.441055,99.076416
balcon alcob ban,0.051282912,99.38154,99.105576
sal ampli chimene,0.051069114,99.8111,99.73751
nivel encontr,0.05104276,99.05031,98.54171
call 122,0.05099924,99.09947,98.93059
estudi cocin,0.05087568,99.710175,99.92222
pis interior ilumin,0.050853517,98.10321,97.70562
espectacul ubic,0.050836753,99.82662,99.86389
nivel zon,0.050779272,99.67912,100.0
ban alcob ban,0.050746996,99.52386,99.97083
call 106,0.05052216,99.697235,99.99028
parqueader lineal,0.05021784,99.50316,100.0
ideal famili,0.05016391,99.78522,99.98056
sal television,0.050069336,99.52904,99.97083
parqu transport public,0.05002041,99.69982,99.97083
ilumin terraz,0.049993936,99.64807,100.0
social saln,0.04988008,99.59114,99.16391
terraz garaj,0.049509726,99.824036,100.0
natural vist exterior,0.04943567,99.723114,99.97083
estudi cuart,0.049431182,99.41258,100.0
elctric parqueader visit,0.049429975,99.7904,99.94167
autop nort carrer,0.049169958,99.74899,99.95139
baos social,0.04903694,99.67653,100.0
parqueader independient,0.04881374,99.81627,100.0
ampli lumin,0.04840841,99.67394,99.9125
ampli excelent,0.04825145,98.949394,99.88334
hall acces,0.048173092,99.54715,99.95139
chimene ban,0.04784089,99.767105,99.95139
ciud ubic,0.047828134,99.60667,100.0
balcon sal comedor,0.04779098,99.59114,99.931946
ban vesti ban,0.04777275,99.73088,99.84445
excelent exterior,0.047680818,99.80334,99.83473
plant elctric,0.04757321,98.33869,98.61948
walkin closet,0.047267977,99.754166,99.85417
sal estudi,0.04717531,99.824036,99.9125
alcob bao servici,0.047087424,99.065834,99.40697
natural pis mader,0.047066472,99.15899,98.93059
estudi ampli,0.047060806,99.77228,99.815285
habit bao,0.047032606,99.71794,99.455574
pis ascensor vist,0.046981767,99.831795,99.95139
isla zon,0.04690915,98.636284,99.241684
lind vist,0.046902098,99.49798,99.62084
ban estudi,0.046400618,99.81368,99.88334
integral abiert tip,0.04635871,99.767105,99.95139
perfect famili,0.046159673,98.80448,99.36807
cocin terraz,0.04610926,97.07327,99.98056
terraz alcob ban,0.045951653,99.80851,100.0
oficin administr,0.04592999,99.76969,99.76667
social terraz,0.045901507,99.82921,99.9125
pis const sal,0.04588946,99.82921,99.9125
terraz bbq salon,0.045775484,99.723114,100.0
edifici segur,0.045678906,99.88097,99.99028
pis independient,0.045643277,99.6429,100.0
chimene ampli,0.045626283,99.16675,100.0
business cent,0.045458797,99.67653,99.99028
gas alcob,0.045434576,99.80334,100.0
comercial sant barb,0.04537573,99.49798,100.0
ampli terraz,0.045333922,99.81886,99.50418
terraz vist,0.04482917,99.614426,99.92222
ban garaj independient,0.044777174,99.81627,98.7167
ambient tranquil,0.044747937,99.78522,99.85417
comedor cocin integral,0.044716552,99.51868,99.2903
bao vesti,0.044565525,99.371185,99.572235
cerr television,0.04448837,99.50833,99.6014
deposit edifici vigil,0.044458903,99.68947,99.815285
vesti ampli,0.044307854,99.74899,99.89306
canch squash,0.04410097,98.93645,97.08342
cuadr parqu,0.044053018,99.82662,99.88334
excelent remodel,0.04391843,99.435875,99.825005
estudi habit,0.043637894,99.72053,100.0
cerc clinic,0.04360948,98.11097,99.97083
terraz estudi,0.043188296,99.614426,100.0
pati zon,0.043179583,97.74351,99.98056
priv habit,0.043165654,99.82662,100.0
servici zon,0.043074965,98.79154,99.98056
habit baa,0.043042917,99.68688,100.0
compart ban,0.04301715,99.7904,100.0
independient estudi,0.04301192,99.14088,100.0
recre frail,0.042974655,99.20039,99.98056
exterior garaj,0.042871155,99.448814,100.0
hor cerc centr,0.04271416,99.80592,100.0
comedor chimene balcn,0.042661883,99.36342,99.01808
ban cuart,0.042539988,99.38671,98.8917
comedor acces,0.04234025,99.767105,99.61112
centr comercial cerc,0.042302746,99.08653,99.98056
salon comunal gimnasi,0.04211558,99.78781,100.0
bao social,0.042101335,99.82921,99.99028
lamin garaj cubiert,0.042059597,99.62478,99.455574
segur tranquil,0.04184564,99.45141,100.0
ciud jardin,0.041836426,99.58855,99.70834
principal walk,0.041756265,99.79557,99.99028
terraz priv,0.04172245,99.68688,99.99028
parqu novi,0.041506078,99.66618,99.9125
pis altill,0.04132903,96.39531,97.67645
sal comedor bao,0.041280054,98.726845,99.86389
squash parqu,0.041273847,99.697235,99.99028
balcn chimene,0.041221138,99.79816,99.931946
espaci independient,0.04118166,99.79816,100.0
independient estudi cocin,0.04112815,99.86543,100.0
verd excelent,0.041122835,96.2711,99.00836
sal comedor pati,0.041060653,99.62737,99.89306
independient depsit,0.040894844,99.82145,100.0
comercial restaur,0.040578913,99.83439,99.98056
ascensor gimnasi,0.04053975,99.5782,100.0
vist parqu,0.040515255,99.78522,99.83473
alcob ban servici,0.040192027,99.60667,99.78612
club lagart,0.040109217,98.14202,98.57087
ampli balcon,0.03990426,99.76969,100.0
remodel ano,0.03976371,99.575615,99.581955
espectacul exterior,0.03943733,99.56785,99.815285
transport public zon,0.039432246,99.3893,98.65837
chimene balcon,0.039387207,99.824036,99.94167
salitr occidental,0.03921183,99.8525,99.99028
ampli walking,0.039169632,99.25732,99.99028
pis mader,0.039158665,99.653244,100.0
social sal,0.03895484,99.61702,99.97083
ban priv pis,0.03867742,99.49539,100.0
infantil terraz,0.038674302,99.76452,100.0
mts2 habit ban,0.03860786,99.83439,100.0
habit closet ban,0.03851871,99.614426,100.0
parqu infantil parqueader,0.038468506,99.51868,99.98056
abiert cuart,0.03834833,99.710175,99.98056
rea constru,0.03831908,99.53939,99.99028
pis sal,0.0382614,99.80851,100.0
espaci luz,0.038198408,99.81368,100.0
ban social ban,0.038051162,99.64807,100.0
independient deposit,0.037796073,99.60149,100.0
comedor estudi independient,0.03766234,99.78781,100.0
excelent are,0.03754075,99.80075,100.0
alto calid,0.03750749,98.59487,100.0
zon rop cuart,0.037458047,99.46952,100.0
line cubiert,0.03738841,99.73605,100.0
ciud const,0.036851157,99.8111,99.71806
parqueader visit terraz,0.036766894,99.73347,99.9125
ilumin natural espaci,0.036725007,81.68838,90.09325
balcon garaj,0.03663025,99.81886,99.97083
exterior terraz,0.03660218,99.72053,99.95139
aven esper,0.036482584,99.430695,99.85417
restaur centr,0.036478236,99.824036,100.0
garaj independient,0.03627944,99.73347,99.98056
segur conjunt,0.03623558,99.73347,99.94167
famili amig,0.036154766,99.67394,99.98056
puert blind,0.03609338,99.684296,99.99028
segur sal,0.036043603,99.3686,99.90278
chimene parqueader,0.036040436,97.96605,99.97083
aeropuert dor,0.035925273,99.83956,100.0
mader maciz,0.03566267,99.35566,99.92222
comunal cerc,0.035616677,99.715355,99.83473
vist cerr,0.035527136,99.81886,99.90278
usaqun espectacul,0.03544096,99.76452,99.90278
ntild social,0.035414156,99.792984,99.97083
edifici lind,0.035337806,99.76969,99.98056
principal walking,0.035077542,99.73347,100.0
nivel pis,0.034808703,99.14088,99.79584
social balcon,0.034388456,99.78522,99.76667
cocin estudi,0.034325447,99.583374,100.0
call 134 call,0.034281015,98.51207,99.1153
present espectacul,0.034152057,99.76452,99.77639
excelent ubic via,0.034128055,92.74681,96.33483
excelent sector,0.033912826,93.05473,96.898705
facil via acces,0.03380496,99.441055,99.63056
ilumin are,0.03373907,99.76969,99.78612
condicion segur,0.033611465,99.66618,99.71806
balcon zon,0.033610083,98.405975,99.70834
jacuzzi saun,0.033543102,99.69206,99.94167
independient cuart bao,0.03342004,99.59114,99.72778
pis tech,0.033310633,96.79379,94.429344
gran hills,0.033296514,99.72053,99.53334
vist verd,0.033135917,99.73088,99.85417
cocin semiabiert,0.03301164,99.1771,99.348625
principal ban social,0.03294239,99.52644,99.73751
integral independient,0.03287168,98.38268,99.98056
acces carrer,0.032709543,99.12535,98.58059
mader ban,0.03268095,98.253296,98.61948
116 carrer,0.032678768,98.5043,97.65701
alcob alcob ban,0.032516394,99.30649,99.688896
comercial hayue,0.03250149,99.32978,99.85417
salon social canch,0.03247185,99.80592,99.95139
dot salon,0.03243463,99.74123,99.825005
sant isabel,0.032434184,99.702415,99.83473
porter recepcin saln,0.03242503,99.53939,99.49446
alcob ban priv,0.032327905,99.81368,99.75695
social hall,0.03229462,99.5782,99.28058
excelent acab,0.03226231,99.27026,98.376434
compart alcob,0.032245077,99.62219,99.12502
deposit zon,0.032223035,99.78522,99.35835
vesti sal,0.032100886,99.8111,99.65973
pis zon,0.03209429,99.74381,99.78612
edifici piscin,0.0319759,99.645485,99.71806
cedrit usaqun cod,0.03191919,98.81483,98.16255
alcob zon,0.03191238,99.645485,99.72778
location cundinamarc,0.031843543,99.85509,99.96111
chimene comedor,0.03179808,99.47211,99.62084
puert electr,0.031784635,99.75158,99.84445
cerr espaci,0.031750716,96.56091,96.13068
comercial palatin,0.031744756,97.6607,99.241684
encontr sal,0.03162394,99.70759,90.48213
excelent nivel,0.03154958,99.86803,94.77933
terraz pis,0.031454995,99.73864,99.65001
baos estudi,0.031318888,98.16013,98.51254
edifici terraz comunal,0.031312518,99.48763,99.67918
comedor cocin tip,0.031250864,99.40224,99.212524
comedor cocin abiert,0.03118216,96.36167,95.45987
saun salon,0.031118345,99.54456,99.348625
aven principal,0.031074904,98.444786,98.57087
depsit edifici,0.03100101,96.78862,95.07099
pis entrad,0.030788273,98.732025,98.77503
servici are,0.030610254,99.79557,99.72778
ubic privilegi,0.030609941,99.80592,99.85417
pati garaj,0.030584235,98.76825,98.15283
terraz are,0.030532662,99.60149,99.42641
saun turc salon,0.03044207,99.59114,99.70834
salitr plaz,0.030419497,97.42003,95.86818
chimene estudi cocin,0.03033675,99.6429,99.47501
gimnasi piscin,0.030226082,99.59373,99.338905
closet lin,0.030194515,99.640305,99.688896
tech alto,0.030186629,99.70759,99.63056
cient veintisiet,0.03014706,99.24956,99.43613
vend hermos ubic,0.030057915,99.11759,98.90142
independient estuf calent,0.029973786,99.5575,99.465294
integral tip american,0.029971214,99.6429,99.581955
brbar cod,0.029882204,99.71277,99.95139
espectacul barri,0.029852076,99.70759,100.0
bao habit,0.029723916,99.81368,99.90278
zon lavanderi habit,0.029693102,99.774864,99.77639
american abiert,0.029619535,99.774864,99.77639
principal balcon,0.029568344,98.84329,99.97083
camp golf,0.02950226,99.614426,99.43613
parqueader dobl,0.029380167,99.74899,99.79584
habit baos sal,0.029322391,99.73605,99.77639
cerr excelent,0.029237168,99.836975,100.0
habitacin principal,0.02915647,99.7464,99.99028
servici zon lavander,0.029054783,99.187454,99.99028
principal ban habit,0.028888099,99.836975,99.72778
sal chimene,0.028879335,99.81627,99.99028
balcon vist,0.028848514,99.780045,99.90278
ban sal,0.028809674,99.780045,100.0
integral abiert,0.028782958,99.780045,100.0
ban tin,0.028670223,99.702415,99.94167
iluminaci oacut,0.02855275,99.85767,99.98056
duplex habit,0.028552117,99.39965,99.04725
closet ban alcob,0.028490998,99.46434,99.48473
ban ampli,0.028459502,94.17516,94.88628
servici deposit,0.028381664,99.67653,99.805565
edifici club,0.028375555,99.8111,99.65001
nivel excelent,0.028364051,99.824036,99.78612
cocin ban zon,0.028349437,99.505745,99.71806
ampli pis,0.028278718,99.59373,99.581955
zon zon,0.0282265,98.4215,98.10422
comedor balcon,0.028137892,99.41517,99.41669
ampli alcob,0.028026195,99.384125,99.48473
balcn ampli,0.027995968,99.81886,99.77639
bahi parque,0.027910288,99.21075,99.12502
sext pis,0.027909761,99.73347,99.815285
call cient veintisiet,0.027900094,99.74123,99.78612
independient sal,0.027809087,99.54198,99.73751
carolin habit,0.027798606,98.592285,98.755585
hog suen,0.027732953,99.78781,99.72778
alcob cuart ban,0.027644377,99.73347,100.0
squash salon,0.027592555,95.999405,98.16255
hermos ampli,0.0275737,99.824036,99.94167
zon bbq gimnasi,0.027428698,99.83956,100.0
saun turc,0.027331525,99.705,99.76667
ban complet ban,0.027250089,87.00999,80.20626
colegi zon,0.027193228,99.645485,99.319466
comercial galeri,0.027165152,99.836975,99.6014
pis baldos,0.027158614,99.780045,99.688896
independient cocin cerr,0.027143352,99.82662,99.465294
cocin comedor,0.027130874,99.74899,99.61112
ampli independient,0.027056403,99.54198,99.5139
are constru,0.0270372,99.039955,98.69726
ampli cocin cerr,0.026953796,98.330925,98.47365
residencial zon,0.026871517,99.73347,99.805565
hermos remodel,0.02656829,99.754166,100.0
modern acab,0.026559742,99.697235,99.95139
clinic rein,0.02642192,99.75158,99.6014
independient habit ban,0.026222074,93.7094,89.65574
comedor balcn,0.02616617,99.82145,99.688896
ampli balcn,0.026137859,97.720215,96.66538
esquiner ubic,0.026079739,99.49798,99.64029
club hous,0.026078282,99.60667,99.562515
iluminacin natural,0.026059998,99.767105,99.52362
3er pis,0.026051523,99.7904,99.84445
gimnasi bbq,0.025993902,99.31167,99.43613
zon jueg nin,0.025919978,99.5368,99.76667
lind zon,0.025880214,99.81368,99.86389
encontr zon,0.025866048,99.29873,99.00836
puert segur,0.025846785,99.56009,99.572235
estudi habit principal,0.025818704,72.35379,81.57699
callej usaqun,0.02553192,98.44738,98.66809
alcob closet ban,0.025407784,99.723114,99.92222
cocin are,0.025399543,96.52469,97.763954
estudi baos,0.025397487,99.301315,99.71806
priv ban,0.025318589,94.72114,96.07235
constru terraz,0.025259823,99.54456,99.99028
natural pis,0.025249781,99.74381,99.85417
edifici ascensor parqueader,0.025198035,98.90022,99.72778
tenis parqu,0.025189767,99.702415,99.75695
sol ilumin,0.025090093,99.56526,99.455574
hog ideal,0.02505216,98.98044,99.35835
espectacul terraz,0.024991233,98.52501,98.7167
ideal viv,0.024944898,99.64807,99.44585
visit zon,0.024863394,99.7904,99.95139
comercial excelent,0.024742458,97.46403,97.36536
espaci acab,0.024674501,99.83956,99.85417
ban pis mader,0.024646467,99.7257,99.73751
administr aaval,0.02462006,98.94163,98.90142
mader sal,0.024568284,99.05548,99.19308
turc salon,0.024545774,99.81886,99.931946
espectacul duplex,0.024541724,99.62219,99.6014
terraz zon bbq,0.02451424,99.74899,99.9125
social cuart,0.024393473,99.80075,99.92222
comercial zon,0.02417849,99.73347,99.90278
cerc boyac,0.024031037,98.93904,99.241684
cuart util,0.023967525,99.836975,99.96111
san rafael,0.023967395,98.24036,99.99028
call 127,0.023915209,99.83439,99.98056
terraz ampli,0.023808721,99.80851,99.53334
recib permut,0.023732439,99.81368,99.688896
are priv,0.023727551,99.780045,99.9125
comedor chimene,0.02349197,97.86513,97.773674
comedor independient ampli,0.023422344,96.56091,96.519554
conjunt zon,0.023393316,99.82145,100.0
import via,0.023363158,97.27771,96.80148
ban ban social,0.023033295,98.93386,98.998634
alcob habit,0.02300388,99.69206,99.67918
natural cocin,0.02294036,96.229706,97.41396
autop nort inform,0.022835005,99.75158,99.76667
pis ban,0.022821689,98.51724,99.17364
rop terraz,0.022725146,99.72829,99.76667
compart famili,0.02271846,99.836975,99.99028
alcob bao bao,0.022706114,91.98089,90.57935
servici ban sal,0.022661205,99.697235,99.75695
ban compart,0.022609174,99.73088,99.591675
balcn alcob,0.022591619,97.83149,97.22925
tranquil segur,0.022561856,99.20816,98.51254
ubic via,0.022398986,99.73347,99.84445
gimnasi vigil,0.022389244,99.767105,99.84445
ambient cocin,0.022224298,82.71077,86.233604
social ban,0.022198405,97.31652,96.46122
cll 127,0.022183234,99.15382,99.92222
cocin habit ban,0.02217759,99.74123,99.87361
cubiert deposit edifici,0.022136353,91.93431,93.84603
centr histor,0.022112418,99.46434,99.591675
salon jueg,0.022015098,99.34271,99.5139
parqu nin salon,0.021988653,99.44364,99.338905
habit principal bao,0.021853035,98.89764,99.30002
espectacul estren,0.021767981,99.81886,99.552795
pis alcob closet,0.021743938,99.80334,99.85417
servici ban,0.021734582,99.619606,99.79584
acces principal,0.021522308,99.831795,99.825005
ntild pis,0.021428755,92.98228,92.582146
vidri templ,0.021338066,99.79557,99.67918
habit auxili,0.0213282,99.62219,99.78612
auxili ampli,0.021289494,99.6636,99.76667
sal independient,0.021258228,99.8111,99.94167
principal centr,0.021205988,99.632545,98.726425
parqu nin,0.02117558,99.67136,99.62084
principal ampli ban,0.02109548,99.01408,99.348625
comunal parqueader,0.021012438,99.836975,99.87361
cocin integral sal,0.021008834,98.66733,98.60976
gas estudi,0.020918619,99.5989,99.26113
acab sal,0.020730853,99.75675,99.89306
paul usaqun,0.020708792,99.81368,99.95139
saln comunal parqu,0.020676486,99.73088,99.86389
escuch ofert,0.020446502,99.82145,99.825005
hermos esquiner,0.02043843,99.81368,99.99028
auxili estudi,0.020419175,99.67653,99.85417
lavanderi alcob ban,0.020381816,99.81886,100.0
american zon rop,0.020380236,99.697235,99.72778
estudi sal chimene,0.02032072,99.58855,99.75695
balcon excelent,0.020307576,99.81886,99.95139
servici garaj,0.020286191,99.73347,99.94167
pis lamin habit,0.020248635,99.73347,99.94167
admin xxx,0.02024278,99.67394,99.98056
terraz zon,0.02019998,99.67394,99.98056
127 carrer,0.020104986,99.792984,100.0
inform codig,0.020044703,99.83956,99.98056
lavanderi independient sal,0.019951139,99.24956,99.99028
social estudi,0.019950662,98.76307,99.241684
habit ban,0.01980574,99.62478,99.84445
garaj carr,0.019783422,98.96751,98.18199
comercial via principal,0.019737367,99.792984,99.99028
const garaj,0.01973454,99.75675,99.85417
lamin edifici,0.01972789,99.82921,99.92222
ideal disfrut,0.01971489,97.82114,99.97083
ubic barri sant,0.019672405,99.78522,99.241684
cercan centr comercial,0.0195952,99.42552,99.5139
independient estrat,0.019586066,99.82145,99.73751
ampli chimene,0.019540835,98.74496,98.988914
sal ampli,0.019485312,99.79816,99.69862
social ampli,0.019397741,98.527596,98.27921
ampli sal comedor,0.019384148,99.69465,99.70834
ilumin const,0.019280385,99.73088,99.76667
salon reunion,0.019226884,99.80334,99.222244
ban social,0.019201502,99.55491,99.231964
mts2 alcob ban,0.019200437,99.59114,99.572235
plant habit,0.019028915,99.83956,99.552795
comedor balcon chimene,0.01886398,99.79557,99.591675
bibliotec cocin,0.018824402,99.41517,98.7167
line edifici,0.018788937,99.58596,99.52362
alcob estudi alcob,0.018676262,99.73088,99.591675
segur priv ascensor,0.018648889,99.75934,99.64029
independient ubic,0.018639203,99.5782,99.69862
exterior edifici,0.018563412,99.63772,99.89306
auxili alcob,0.018548971,99.82145,99.815285
sta barb,0.01854477,99.836975,99.931946
sal pis,0.018521486,99.21592,99.41669
deposit cocin,0.018517762,98.975266,98.41532
servidumbr deposit,0.018395483,99.66877,99.88334
habit balcon,0.018347204,99.792984,99.309746
dobl garaj,0.018346302,99.575615,99.348625
ban closet,0.018336968,99.76969,99.88334
excelent estren,0.018335868,99.761925,99.87361
estudi bao social,0.018310495,99.69206,99.15419
duplex alcob,0.018305365,99.69465,99.92222
barb alta,0.01828389,94.555534,99.12502
estudi cuart ban,0.01826645,99.62478,99.9125
gimnasi dot,0.018190473,98.85105,99.89306
comunal parqu infantil,0.01813264,99.24956,99.83473
carrer cerc,0.018020282,99.48245,99.931946
vist exterior sal,0.017885875,99.80334,99.99028
cuart pis exterior,0.017816948,99.55491,99.455574
social piscin,0.017670184,97.872894,99.30002
cocin ampli,0.017654026,98.60005,99.64029
ban nivel,0.017568663,99.40741,99.83473
calent gas pis,0.017418716,99.81368,99.99028
call 100 call,0.017381776,99.570435,99.825005
infantil gimnasi,0.017190134,98.848465,99.87361
servici ntild,0.017175226,99.18487,99.552795
parqu infantil canch,0.017139938,99.48504,99.88334
tranquil zon,0.017136522,99.76452,99.9125
deposit salon,0.017131811,99.8111,99.78612
alcob bao alcob,0.017127384,99.71277,100.0
cerc parqu zon,0.017010756,95.57504,97.21953
natural edifici,0.016895035,99.7464,99.78612
natural zon,0.016878976,99.5989,99.688896
espectacul vist,0.016862364,99.8111,99.79584
tanqu reserv,0.016859941,99.12794,99.805565
pis lind,0.01662436,99.824036,100.0
marcel bautist,0.016600028,97.32429,98.27921
complet sal comedor,0.016557148,99.80851,99.74723
social habit,0.016433293,99.69465,99.85417
ubic sector exclus,0.016428983,99.79816,99.9125
const alcob closet,0.016309692,99.80075,99.87361
acces vehicul,0.016285026,99.78781,100.0
baos sal,0.016234713,99.39447,99.78612
estudi deposit,0.016096115,99.774864,99.75695
mader cocin,0.015966535,99.3246,99.62084
gimnasi salon,0.01595596,99.80334,100.0
cocin zon lavanderi,0.015939051,99.69206,99.94167
gimnasi zon infantil,0.015724035,99.69206,99.94167
alcob ban,0.01568295,99.7257,99.815285
ilumin habit ban,0.015588689,99.831795,99.84445
excelent ubic cerc,0.015116226,99.831795,99.63056
habit compart,0.015007098,99.21592,100.0
deposit acces ascensor,0.015000998,99.60407,99.455574
lind ubic,0.014998059,99.81368,100.0
pis nivel,0.0149870515,99.61184,99.71806
pis exterior excelent,0.0148837995,99.40224,99.9125
ban auxili,0.014640851,99.73347,99.99028
ban salon,0.014517535,99.25732,99.83473
acces call 116,0.014508419,99.70759,99.62084
zon lavanderi estudi,0.014462914,99.24956,99.85417
social gimnasi terraz,0.0144450525,99.715355,99.89306
closet ban habit,0.014426348,99.761925,99.69862
lne depsit edifici,0.014401697,99.6636,97.39452
hermos pis,0.014378269,99.68171,99.79584
ban priv ampli,0.01429841,99.8111,99.84445
ubicacin cerc,0.014252296,91.22013,84.84342
parqueader visit salon,0.014241769,91.94983,87.244644
vist terraz,0.014225427,96.49364,93.350204
bao alcob bao,0.014209208,99.824036,99.89306
servici ban social,0.014150739,97.32429,97.627846
ban social hall,0.014096964,99.71794,99.805565
habit pis,0.014083305,99.42552,99.49446
alcob estudi,0.014067667,99.73605,99.52362
bulev niz,0.014060767,99.51868,99.35835
nivel ubic,0.013997854,98.905396,99.17364
via secundari,0.01398797,99.79816,99.92222
comedor ilumin,0.013947718,96.177956,96.5876
comedor chimene terraz,0.013913292,99.614426,99.84445
carrer autop,0.013701492,99.831795,99.94167
deposit parqueader independient,0.013701129,99.697235,99.815285
salon social salon,0.013650522,99.614426,99.98056
zon labor,0.013621978,99.761925,99.99028
cubiert deposit pis,0.013544259,99.39965,99.86389
alcob sal,0.013490161,99.77745,99.96111
alcob bao,0.013472693,99.75158,99.9125
abiert sal comedor,0.0134434905,96.23747,98.123665
teatrin salon,0.013366126,99.38671,99.53334
ampli ilumin,0.013342469,99.7904,99.92222
terc pis exterior,0.013325774,99.58855,99.97083
carull cerc,0.013265826,98.51207,98.63893
rentahous finc,0.013150747,99.47469,99.62084
terraz nivel,0.013141574,99.36342,99.84445
garaj line cubiert,0.013109367,99.65842,99.815285
vist panoram,0.013084181,99.836975,99.97083
gimnasi zon,0.013083963,99.45141,99.825005
luz natural ampli,0.012998265,99.45141,99.825005
balcon habit,0.0129675055,99.83439,100.0
ampli zon,0.0129596125,99.83439,99.94167
sal reunion,0.012943317,99.81368,99.338905
deposit edifici modern,0.012918145,99.52127,99.41669
exterior alcob,0.012878824,99.19005,99.5139
social cocin integral,0.012873324,99.58596,99.74723
lind terraz,0.01279379,99.73605,99.88334
pis ampli,0.012756528,99.723114,99.90278
ban cocin sal,0.012740361,99.81886,99.70834
frent parqu,0.012725831,99.47211,99.338905
independient nivel,0.01271546,99.80334,99.75695
deposit edifici parqueader,0.012714878,99.83439,99.65973
ilumin natural,0.012699018,99.562675,99.41669
barri sant,0.012563246,99.51092,99.465294
privilegi cerc,0.012551299,99.831795,99.98056
escaler mader,0.012537924,99.384125,99.319466
bbq pis,0.012521121,99.81627,99.72778
cerr vigil hor,0.0124881705,98.864,98.95975
comedor ampli,0.012437241,99.836975,99.84445
espaci excelent,0.012431423,99.74123,99.89306
closet ban sal,0.012308397,99.79557,99.95139
gimnasi terraz comunal,0.012294194,97.93241,96.538994
cerc almac caden,0.012172122,99.63513,98.76531
estudi habitacin,0.012157904,98.65957,99.13475
jueg infantil,0.012070288,99.78781,99.931946
excelent vist,0.01205824,99.7904,99.86389
deposit garaj,0.011878196,99.73347,99.87361
exterior vist,0.011830512,99.53421,99.76667
garaj visit,0.011825535,99.69465,99.87361
independient zon lavanderi,0.01182253,99.60407,99.815285
ascensor parqueader visit,0.011817468,99.59631,99.84445
esquiner pis,0.011800759,99.28062,99.36807
cerc principal,0.011773401,99.80334,99.75695
servici sal,0.011768531,98.9468,98.502815
cubiert cuart,0.011718791,99.5368,99.38751
deposit garaj independient,0.011714038,99.8111,99.572235
gym salon social,0.011634409,99.82921,99.92222
ping pong,0.011602508,99.82662,99.84445
carrer call,0.011560936,99.34531,99.49446
closet bao priv,0.011551942,99.49022,99.83473
ban espaci,0.011520235,99.5782,99.83473
vesti closet,0.0114387795,99.583374,99.815285
cuadr pis,0.01138446,99.67912,99.338905
parqu simon boliv,0.011383721,99.774864,99.805565
ubic espaci,0.011364032,99.40482,99.89306
remodel sal comedor,0.011362869,99.27544,98.998634
cerc colegi univers,0.011346319,99.80075,99.85417
zon lavanderi cocin,0.0113329515,99.570435,99.86389
hermos conjunt,0.011281996,99.67912,99.49446
servici cuart,0.011217666,99.78781,99.95139
ampli comod,0.011174944,99.77745,100.0
call call,0.011116319,99.71794,99.84445
bbq vigil priv,0.011059901,99.7464,99.65001
gimnasi saln comunal,0.011022811,99.82921,100.0
ban independient,0.0108806575,99.570435,99.87361
hermos duplex,0.0107855,99.754166,99.65001
boyac aven,0.010708303,99.67136,99.96111
deposit sal comedor,0.010700439,99.31684,98.006996
entrad independient,0.010568378,98.01781,97.85145
call 100,0.010534215,99.81886,99.90278
estrateg ubic,0.010525265,99.82921,99.83473
pep sierr,0.010513602,99.64807,99.455574
comercial ubic,0.010461759,99.60925,99.581955
comedor terraz,0.010434904,99.5989,99.65001
excelent via,0.010320129,99.74899,99.86389
transport pblic,0.010283565,99.109825,98.58059
ceram nivel,0.010281043,99.435875,99.30002
alcob bao priv,0.010280875,99.02702,98.979195
cerc cra,0.010261054,99.836975,99.26113
auxili pis,0.010195093,99.72829,99.562515
vill magdal,0.010140732,99.14088,98.94031
cerr comedor,0.0101017635,99.15382,95.93624
deposit terraz,0.010085474,97.916885,96.62649
lavander independient cuart,0.010079257,99.31684,98.17227
gas zon lavander,0.010009561,99.824036,99.65973
alcob ban complet,0.009978524,99.50833,99.319466
pis garaj cubiert,0.009958563,98.444786,97.93895
bell suiz,0.009877297,99.314255,99.14447
independient pis,0.009862136,99.83439,100.0
edifici ano constru,0.009787154,99.83439,100.0
garaj dobl,0.0097294515,99.77228,99.16391
gas garaj,0.009693453,99.54456,98.47365
gimnasi salon comunal,0.009523852,99.43846,99.348625
varied restaur,0.009492974,99.73864,99.75695
ilumin cerc,0.009430866,99.831795,99.88334
balcon cocin abiert,0.009383853,99.46434,99.348625
zon lavanderi sal,0.009215799,99.5782,99.54307
ceram mader,0.009169929,99.73864,99.5139
parqueader visit saln,0.009134866,99.62478,99.688896
esquiner exterior,0.009028635,99.705,99.99028
pis hall,0.009024687,99.54715,99.5139
espectacul pis,0.009014763,99.72053,99.85417
habit bao priv,0.009003889,99.73347,99.87361
qued cerc,0.008997517,99.80851,99.9125
bill ping,0.008885807,99.68688,99.76667
ciud excelent,0.008854775,99.513504,99.222244
sal comedor sal,0.0088502625,99.81886,99.9125
comun salon,0.008783048,97.68398,97.44313
ban cocin integral,0.008777912,99.5575,99.52362
nivel alcob,0.008688916,99.60925,99.688896
abiert zon lavanderi,0.008632801,99.702415,99.44585
exterior interior,0.008614434,98.975266,99.35835
comunal zon verd,0.008590574,99.500565,99.70834
natural sal,0.008564147,99.82145,99.92222
parqueader deposit edifici,0.008535273,99.73605,99.552795
import via acces,0.008530565,99.7904,99.688896
sal habit principal,0.008529609,98.82259,98.386154
hall alcob habit,0.008471215,99.705,99.5139
ban priv vesti,0.008440504,99.710175,99.69862
zon lav ampli,0.0084176045,99.69465,99.87361
cuadr alcob,0.008368855,99.83439,99.805565
ampli luz,0.008363066,99.34271,99.309746
estudi abiert,0.008323299,99.73347,99.75695
parqueader cubiert line,0.008315585,99.831795,99.825005
via acces aven,0.008304645,99.79557,99.688896
zon comun salon,0.008283556,99.83956,99.90278
ban ban,0.008257741,99.66618,99.63056
facil transport public,0.008212659,99.73347,99.74723
zon verd,0.008191322,99.74123,99.63056
remodel ampli,0.008118132,99.78263,99.805565
natural const,0.008014931,99.79557,99.815285
chimene cocin,0.008010174,99.82921,99.19308
sant brbar cod,0.00790987,99.60149,99.12502
habit ban pis,0.007897559,99.13312,98.8917
balcon cuart,0.0077701523,99.01666,97.85145
pis exterior,0.007700137,99.55491,99.74723
ban cocin tip,0.007674274,99.66101,99.84445
garaj line,0.007671186,99.75675,100.0
ntild cocin,0.0076258546,99.65583,99.805565
vist zon,0.0075644017,99.82921,99.75695
pis parqueader,0.007522736,99.73088,99.96111
sant barb cod,0.0075193103,99.684296,99.85417
bao priv alcob,0.0074794013,99.74381,99.66946
comedor independient sal,0.007437434,99.55491,99.94167
ban priv tin,0.007291555,97.46403,99.38751
jueg nin,0.0072550494,99.82662,100.0
bao parqueader,0.0072309207,99.3039,99.076416
total independient,0.007178109,99.72053,99.71806
estudi cocin cerr,0.007090208,99.8111,99.86389
principal call,0.0070792953,99.59631,99.75695
molin nort,0.007049097,99.81886,99.89306
acces carrer carrer,0.007047887,99.44364,99.38751
nivel nivel,0.006999596,98.05921,98.63893
servici independient,0.0069843503,99.13312,98.969475
jacuzzi terraz,0.006919075,99.80334,99.89306
pis cuart,0.006911665,99.122765,99.241684
pis exterior habit,0.0068387873,99.10206,99.15419
rop alcob,0.0067756725,99.632545,99.73751
alcob ampli,0.006679201,99.705,99.88334
parqueader sal,0.0066454336,99.17193,99.38751
constru ano,0.0066442005,99.3893,98.852806
estren alcob,0.0065954444,95.05494,96.509834
cocin abiert meson,0.006585325,99.33495,99.40697
ubic mejor,0.006557274,98.14978,99.00836
gimnasi parqueader visit,0.00652353,99.6636,99.688896
gimnasi teatrin,0.006506132,98.64404,98.88198
infantil sal,0.006485623,99.63513,99.591675
boyac call,0.0064802933,99.45917,99.69862
parqueader lne,0.0064367587,99.79816,99.49446
chimene balcon cocin,0.0063249194,99.33754,99.18336
nivel habit principal,0.006276727,98.53795,98.63893
cubiert independient,0.006231241,99.61184,99.63056
ban priv balcon,0.0062291236,99.831795,99.78612
terraz bbq,0.0062228558,99.39706,99.12502
alto vist,0.006191161,99.218506,98.35699
closet zon,0.006111548,99.80592,99.87361
canchab multipl,0.0060967864,98.97009,99.348625
alcob alcob,0.0060644196,99.754166,99.87361
acab pis mader,0.006041642,99.63513,99.931946
chimene deposit,0.006029038,99.614426,99.66946
comedor integr,0.0059792143,95.63973,96.40289
espaci sal comedor,0.005965165,99.52386,99.16391
ampli sal,0.0058021825,97.58306,98.250046
cocin abiert habit,0.0057769776,99.67136,99.78612
centr medic,0.0057319584,99.33495,99.52362
nort bogot,0.0057064807,99.82145,99.65973
servici garaj deposit,0.0056974427,99.01149,99.2903
rop pis mader,0.0056538233,98.97268,98.988914
auxili bao,0.005638143,98.65698,98.92086
cuadr terraz,0.005635728,96.67218,96.636215
mader lamin parqueader,0.0056251325,98.413734,97.754234
nivel sal,0.005534494,99.65066,99.48473
contcten agend,0.0055251145,99.767105,99.76667
social chimene,0.005491098,99.71277,99.95139
closet mader,0.0054263114,97.78232,98.69726
ban hall,0.0054258048,99.71277,99.78612
gimnasi squash,0.005412517,99.58079,99.97083
zon nin,0.0053982944,99.5782,99.1153
chimene habit,0.005360637,99.187454,98.69726
centr comercial unicentr,0.0052683046,99.32978,99.53334
lug ideal,0.0051941588,99.82145,99.86389
ubic sector,0.0050488133,99.5575,99.552795
ban alcob,0.0050206776,96.995636,96.373726
independient parqueader,0.0050031184,98.95974,98.39588
visit gimnasi saln,0.0049728965,99.36342,99.53334
pis habit closet,0.004927481,98.6311,98.755585
salitr oriental,0.004895426,99.80334,99.88334
servici parqueader,0.004884559,99.62219,99.95139
independient alcob ban,0.0048763934,99.5782,99.76667
ban balcon,0.0047859536,99.60149,99.53334
deposit apts,0.004695446,99.12794,99.37779
zon social ampli,0.0046915873,99.74899,99.70834
dep oacut,0.004630955,99.39447,99.79584
habit ban principal,0.0045635663,92.5398,92.582146
natural cuart,0.004517041,98.70097,99.066696
terraz cubiert,0.00448627,99.54456,99.70834
cocin total,0.004470595,96.85072,97.55007
priv ascensor,0.004443335,98.012634,98.39588
barb cod,0.0044211987,99.715355,99.9125
estudi parqueader,0.0044037793,99.715355,99.825005
san luis,0.004289538,99.78522,99.96111
estudi family,0.0042171297,98.70097,97.22925
deposit salon comunal,0.0042028525,99.82662,99.99028
deposit const,0.0041759075,99.52386,99.26113
edifici salon social,0.0041662925,99.77745,99.92222
hermos ilumin,0.004116746,99.3039,99.40697
vend ubic,0.004099187,99.82662,99.88334
rah rentahous vend,0.004022723,99.500565,99.455574
hermos nivel,0.003957657,99.83956,99.96111
balcn habit,0.0039507826,99.61184,99.71806
hous piscin saun,0.0038587474,99.80075,99.581955
alcob terraz,0.0038211276,99.68688,99.52362
cocin integral estudi,0.003818354,98.70873,98.92086
const habit principal,0.00380679,99.03737,98.7167
espectacul remodel,0.0037983959,99.81368,99.79584
cerr gas,0.0037914063,99.531624,99.53334
exterior ilumin natural,0.003777927,98.944214,98.34727
cerc centr comercial,0.003752533,98.09544,96.8501
excelent ubic,0.0037168546,99.48504,98.51254
circuit cerr vigil,0.0037103456,99.75675,99.805565
servici garaj independient,0.0037087125,99.82145,99.805565
terraz comunal bbq,0.0037024631,99.76452,99.79584
bbq sal,0.0036836623,99.68947,99.74723
pis mader maciz,0.003672664,98.801895,98.91114
cuart rop independient,0.003655183,99.69982,99.62084
priv vesti,0.0035991406,99.70759,99.572235
pis are,0.003563604,99.33495,98.726425
acces zon,0.003435593,99.67394,99.79584
zon bancari,0.003364142,99.06842,99.338905
vigil hor circuit,0.0033607131,99.61702,99.815285
principal facil acces,0.0033452045,98.41115,98.60976
constru pis,0.0033269285,99.61184,99.329185
ubic carrer,0.003307819,99.0089,98.25977
alcob principal walk,0.0032512161,99.81886,99.931946
alcob ntild,0.0032144252,99.81886,99.931946
sal comedor ntild,0.0031441592,98.77342,98.61948
integral comedor auxili,0.0031289305,99.81627,99.86389
visit vigil,0.0031124211,99.77745,99.99028
ampli nivel,0.0030837152,99.10465,99.98056
lamin parqueader,0.002918978,98.95457,99.05697
chimene cocin integral,0.0029150567,99.430695,99.78612
cuadr call,0.002708732,99.80334,99.805565
conjunt gimnasi,0.0026567904,99.29355,99.95139
zon lavanderi cuart,0.0024737664,99.7257,99.96111
cocin integral gas,0.0024707331,93.79996,96.43205
optim condicion segur,0.0024081576,99.68688,99.98056
ntild priv,0.0023499453,98.74496,99.38751
piscin zon,0.0022952864,99.8111,99.72778
xxx xxx,0.0022501552,95.39391,94.9835
deposit zon comun,0.0022366424,98.98044,98.82364
sector exclus,0.0021504234,99.22627,98.8042
principal vesti ban,0.002122816,99.45658,99.9125
call 127 carrer,0.002088751,98.83294,99.36807
priv cocin,0.0020848047,99.70759,99.90278
deposit nivel,0.0020503507,99.41258,98.87225
habit habitacin,0.00204349,95.90626,92.42659
parqueader excelent,0.0020283223,98.082504,96.41261
independient deposit conjunt,0.0019474814,97.07068,96.033455
hall sal,0.0019137848,99.79557,99.87361
balcon alcob,0.0019025787,99.570435,99.086136
cod vmisx,0.0018768479,99.55491,99.78612
salon jueg salon,0.0018173562,99.32719,99.85417
ampli ubic,0.001810718,99.40482,99.90278
pads present,0.0017139589,99.71794,99.688896
restaur supermerc,0.0016342828,99.614426,99.96111
ampli alcob principal,0.0016337717,99.02184,98.65837
conjunt club,0.0016203823,99.8111,99.90278
barri sant barb,0.0015509868,99.77745,99.61112
integral abiert gas,0.0015325781,99.7464,99.825005
independient puert,0.0015001466,99.23662,99.552795
salon nin,0.0014204006,99.67136,99.77639
habit ntild,0.0014105138,99.754166,99.75695
794 empres,0.0013876329,99.62219,99.79584
salon jueg nin,0.0013410633,98.18861,98.66809
5to pis,0.0012125913,99.60149,99.71806
ban zon,0.0011742583,99.705,99.74723
cerc carull,0.0011714111,97.2156,97.96812
sant paul usaqun,0.0011514103,99.2625,99.50418
comercial haciend,0.0011379715,99.492805,99.47501
luz natural sal,0.0011296904,99.75675,99.83473
comunal canch,0.001074638,98.89764,98.78476
pis porcelanat,0.0010691604,99.754166,99.95139
abiert balcon,0.0010582473,98.52501,99.329185
mader garaj,0.0010088107,99.45917,99.04725
mader sal comedor,0.0010025395,99.44623,99.39724
cuart rop,0.0009581171,99.81627,99.99028
segur priv,0.00094786886,99.549736,99.16391
cuart util deposit,0.00092583615,96.397896,96.286224
nio saln,0.000876915,98.62593,98.113945
centr comercial colegi,0.00086105696,99.384125,99.75695
recepcion salon,0.00084506074,99.80075,99.86389
balcon ban,0.0007832525,99.73605,99.84445
ban parqueader,0.00076915167,99.288376,99.241684
sal terraz,0.0007351042,99.761925,99.39724
pis ubic,0.00072932406,99.65066,99.74723
terc pis,0.0007042329,98.10321,98.70698
bao alcob,0.0006877972,99.69982,99.84445
zon bbq parqu,0.0006726668,99.68688,100.0
sal comedor habit,0.00063627714,99.81368,99.95139
sector residencial tranquil,0.00053143944,99.844734,99.94167
ban suit,0.00052638946,99.73088,99.71806
independient zon,0.000520855,97.70986,97.151474
comedor chimene gas,0.00048802837,99.14088,99.309746
caden exit,0.0003498786,99.81627,99.9125
independient ampli,0.00034420798,99.72053,99.73751
edifici zon,0.00026149154,82.65124,82.70469
verd zon bbq,0.0002227524,98.39821,98.755585
ubic san patrici,0.00021185992,98.92351,99.04725
ascensor vigil,0.00019824333,99.51868,99.562515
nort call,0.00010252923,99.69206,99.825005
restaur zon,6.442012e-05,99.7904,99.70834
colegi supermerc,5.298224e-05,98.28176,97.39452
flor mor,3.0745305e-05,96.57385,98.16255
cocin sal,2.6569669e-05,98.004875,97.59869
residencial tranquil,1.5062106e-05,99.632545,99.61112
clinic rein sofi,7.84018e-06,99.69206,99.75695
dep oacut sit,2.5760044e-06,99.492805,99.6014
centr comercial haciend,5.430981e-07,95.9166,97.890335
inform comunicar el,2.3876729e-07,98.77602,99.2903
comercial haciend sant,1.36935e-07,99.28579,99.63056
contcten agend cit,1.06514435e-07,99.67912,99.88334
comercial hayue el,2.0882387e-08,99.52386,99.465294
bill ping pong,1.08557545e-08,99.774864,99.552795
ciud 794 empres,8.239889e-09,99.80075,99.815285
rentahous finc raiz,6.9415513e-09,99.632545,99.74723
favor comunicar el,6.824321e-09,99.82921,99.825005
ciud 794,2.7466296e-09,99.039955,99.70834
usaqun inf flor,-3.0241383e-09,99.322014,99.76667
subast bas ofert,-2.666709e-07,89.2484,90.452965
el cit previ,-1.3284043e-06,99.56785,99.48473
parqueader cubiert conjunt,-5.5731366e-06,99.08653,98.988914
balcon walking closet,-1.934367e-05,99.26767,99.552795
partament ideal garantiz,-2.3997543e-05,99.67912,99.73751
priv alcob,-5.53537e-05,99.78263,99.825005
ban cocin pati,-0.00012168967,99.409996,99.04725
habit alcob,-0.00013297836,98.60264,98.16255
hab ban,-0.00023403332,99.29096,99.931946
cient cuarent,-0.00025214002,99.384125,99.931946
excelent luz,-0.00025328354,99.45141,99.309746
comedor ambient,-0.00026863173,96.064095,94.516846
bao bao,-0.00027254524,99.66618,99.48473
verd parqu infantil,-0.00030779527,99.47469,99.66946
garaj pis,-0.00032000805,99.71277,99.65001
call 138,-0.00033050828,98.35422,97.03481
sol manan,-0.00034104474,99.27544,99.30002
parqueader visit ubic,-0.00041937784,99.8111,99.89306
lind remodel,-0.00044209373,99.174515,99.98056
sector ciud,-0.00044534937,99.82662,99.95139
cardi infantil,-0.00047971154,99.69206,99.61112
nivel alcob ban,-0.0004925868,99.80075,99.75695
exterior excelent,-0.00049684173,99.49798,99.64029
parqueader line deposit,-0.00050305686,99.77228,99.591675
vesti estudi,-0.00051284325,99.7464,99.99028
cocin abiert,-0.0005142565,99.69982,99.97083
ascensor saln comunal,-0.00053537363,99.36342,99.26113
subast bas,-0.0005565573,99.72829,99.97083
servici cocin,-0.00058132235,99.68688,99.85417
exterior conjunt,-0.0005897165,99.64807,99.97083
parqueader estrat,-0.00063528004,99.81368,99.94167
comerci transport,-0.00068924786,99.52644,99.77639
independient edifici,-0.0006997929,99.66618,99.79584
bbq salon comunal,-0.000739392,99.69982,99.67918
ampli bao,-0.0009868095,99.68688,99.87361
jueg gimnasi,-0.0010331016,99.83439,99.83473
jueg parqu,-0.0010768106,99.43329,99.66946
habit walking,-0.0011374548,99.74899,99.98056
balcon parqueader,-0.0011661104,99.58079,99.65973
rentabl kennedy,-0.0011770625,99.05807,99.92222
facil transport,-0.0011957324,99.69206,99.552795
clinic bosqu,-0.0012022797,99.78781,99.96111
priv ban social,-0.0012223743,99.61184,99.9125
social garaj,-0.0012338383,99.52904,99.688896
ban deposit,-0.0012415297,99.33754,99.212524
vigil priv,-0.0012848632,99.83956,99.97083
acogedor ilumin,-0.0013156414,99.640305,99.562515
via acces transport,-0.0015735104,99.73088,99.49446
ban servici alcob,-0.0015837853,99.40224,99.53334
priv bao social,-0.001590462,99.73088,99.71806
disfrut tranquil,-0.0016066697,99.60667,99.42641
sector residencial cercan,-0.0016157094,99.614426,99.76667
are verd,-0.00164616,99.754166,99.71806
cerc centr,-0.0017245223,99.77745,99.84445
gas natural,-0.0017247258,99.52644,99.105576
xxx administr xxx,-0.0017470996,99.68688,99.75695
via principal,-0.0017503715,99.77228,99.65001
independient cocin abiert,-0.0018138159,99.22627,99.212524
cuart principal,-0.0018267577,98.97268,98.988914
garaj deposit edifici,-0.0019160424,99.60407,99.562515
carrer call 116,-0.0019169924,99.836975,99.87361
lamin sal comedor,-0.001925319,95.01095,92.951584
balcon comedor,-0.0019524387,99.80334,99.83473
deposit excelent,-0.0019891288,99.461754,98.07506
comedor balcon cocin,-0.001991607,99.83956,99.319466
entid financier,-0.0020298362,99.82145,99.825005
salon social bbq,-0.002140227,99.61184,99.61112
parqu infantil,-0.002141614,98.97268,99.15419
xxx administr,-0.0021934423,99.774864,99.77639
integral gas natural,-0.0022154942,99.42811,99.2903
vigil hor ubic,-0.0022169203,99.3039,99.41669
social pati,-0.002239244,99.715355,99.84445
pis alcob,-0.0022615294,97.64517,95.70291
ubic exclus zon,-0.0022861431,99.48504,99.76667
exterior excelent ilumin,-0.0023283337,99.705,99.84445
are habit,-0.002345466,99.62996,99.319466
zon comun terraz,-0.0024133024,99.73088,99.50418
auxili cocin,-0.0024785944,99.252144,99.066696
integral cuart,-0.0025093528,97.58306,97.39452
social salon,-0.0025104738,99.75158,99.71806
squash canch,-0.0026208635,99.5989,98.92086
integral zon,-0.002621337,99.00373,99.47501
balcn sal,-0.0026326536,99.52644,99.86389
visit plant,-0.002658388,99.715355,99.1153
acces sal,-0.0026690827,99.10724,99.43613
social ceram,-0.0026838817,95.070465,92.43631
aut nort,-0.0027192498,99.67653,99.6014
alcob parqueader,-0.0027489325,99.29614,98.68754
ilumin cocin,-0.0028046072,99.22627,98.61948
adicional comedor diari,-0.0028046195,99.70759,98.95003
interior exterior,-0.0028198578,98.32834,98.65837
sal comedor ban,-0.0028368002,99.74123,99.69862
parqueader visit parqu,-0.0029257946,99.82921,99.815285
social estudi sal,-0.002938044,98.86917,99.105576
cocin zon lavander,-0.002943613,99.73864,99.65001
usaqun excelent,-0.0029791512,99.836975,99.815285
sector nort,-0.0029911327,99.80851,99.90278
interior garaj,-0.0030070134,98.905396,98.92086
alta izacion,-0.0030219913,99.824036,99.805565
const habit baos,-0.0030469517,98.7579,98.862526
servici zon lavanderi,-0.003163428,99.80334,99.90278
ban servici parqueader,-0.0031815288,98.72944,99.2028
comercial parqu,-0.0031928462,99.575615,99.688896
social parqu,-0.003194685,99.684296,99.69862
sal comedor zon,-0.003300178,99.19005,99.2028
sant barb usaqun,-0.0033373581,99.79557,99.71806
parqueader independient edifici,-0.0033406294,99.0089,98.862526
cubiert ubic,-0.0034500628,99.16675,99.52362
saln comunal saln,-0.003541073,99.63772,99.72778
comedor excelent,-0.0035480482,98.393036,99.39724
occident ciud,-0.0036456345,99.448814,99.86389
ban priv estudi,-0.0036621573,99.378944,99.89306
ubic cerc,-0.0037651183,99.531624,99.77639
excelent ilumin natural,-0.003803341,98.6518,99.74723
constru edifici,-0.0038813397,99.096886,96.908424
ofrec espectacul,-0.003886209,99.79557,99.19308
cerr zon,-0.0039027175,98.90798,98.7167
cerc zon,-0.0039477106,98.90798,98.7167
principal ban ban,-0.0039680824,99.58596,99.12502
acces balcon,-0.0039919205,96.8145,96.01401
natural ban,-0.004021909,99.8111,99.84445
alcob principal,-0.0040324377,99.78263,99.87361
chimene gas balcon,-0.0040665683,98.99079,99.53334
caracterist adicional comedor,-0.0041078315,99.80592,99.96111
2do pis,-0.004123646,99.1564,99.805565
natural excelent,-0.0041241725,99.653244,99.70834
usaqun vend,-0.00415442,99.288376,99.455574
closet par,-0.004157305,99.73347,99.77639
cortin blackout,-0.0042252806,99.50316,99.70834
call cient,-0.004260024,99.46434,99.70834
estren pis,-0.0043107974,99.80851,99.92222
hor ascensor,-0.0043526026,99.47728,99.85417
abiert ban social,-0.004364083,99.29355,99.73751
patrici usaqun,-0.004396929,98.848465,99.50418
garaj cubiert deposit,-0.0044025434,94.44685,95.97513
1er pis,-0.004440422,97.14573,98.83337
salon social jueg,-0.004453138,99.76969,99.73751
cocin remodel,-0.0044809557,99.780045,99.9125
estacion transmileni alcal,-0.004489157,99.453995,99.78612
call 109,-0.0045128376,99.70759,99.931946
deposit puert,-0.0045161303,99.74899,99.70834
club hous zon,-0.0045439196,99.08395,98.81392
tip american zon,-0.0045682336,99.56526,99.64029
exterior habit,-0.0045861625,99.81627,99.88334
acab ubic,-0.0045966706,99.65842,99.12502
bbq jueg,-0.0046336274,99.780045,99.825005
visit parqu infantil,-0.00465988,99.81886,99.805565
integral zon lavanderi,-0.0047120494,99.82921,99.92222
carrer noven,-0.0047121476,99.619606,99.92222
conjunt ubic,-0.0047309804,99.82662,99.96111
exclus sector sant,-0.004742045,99.78522,99.94167
estudi ubic,-0.004784903,99.36601,99.76667
zon social,-0.004848273,98.97785,99.73751
ban cocin abiert,-0.0049037123,99.715355,99.89306
ban social parqueader,-0.005000544,99.73605,99.79584
habit principal,-0.005058918,99.82145,99.95139
espaci cocin,-0.005080058,99.575615,99.825005
pis habit sal,-0.005099534,98.16013,99.02781
natural habit ban,-0.005122692,98.6311,98.852806
line deposit,-0.0053038197,99.65842,99.69862
acces aven,-0.005415604,99.69206,99.931946
turc canch,-0.00544452,99.76452,99.92222
cocin cerr zon,-0.005465364,99.73088,100.0
sup ampli,-0.0054879053,99.73088,100.0
nort cod,-0.005497811,99.05031,99.42641
exterior const,-0.005513558,99.697235,99.62084
concept abiert,-0.005653507,99.72829,99.90278
zon lav,-0.0057383343,99.65583,99.79584
electr suplenci,-0.0057502068,99.80851,99.87361
alcob garaj,-0.005831042,99.23662,99.62084
salon jueg parqu,-0.005840654,99.29614,99.77639
garaj sal comedor,-0.005897509,99.549736,99.465294
alcob principal closet,-0.0059299855,99.109825,99.77639
zon rop sal,-0.006008545,99.62478,99.591675
zon rop cocin,-0.006059246,99.80851,99.92222
ascensor pis,-0.0061140703,99.82662,99.65973
inform claudi,-0.00611841,99.570435,99.41669
pist trot,-0.006179477,99.58596,99.70834
terc nivel,-0.0062991525,99.37377,99.591675
ppal ban,-0.006344186,99.619606,98.69726
auxili zon,-0.006363601,98.81224,99.05697
bao servici cocin,-0.0063893655,99.73864,99.825005
const nivel,-0.006432714,99.69465,99.76667
zon nort,-0.006463391,99.74381,99.581955
ascensor terraz,-0.006484748,99.54198,98.88198
autop nort,-0.0065563177,99.58596,99.79584
const alcob ban,-0.0066015017,99.78781,99.815285
closet ban social,-0.0066177016,98.25847,98.02644
sal chimene comedor,-0.0066204574,98.59746,99.2903
deposit ano,-0.0066294167,99.67136,99.67918
cerc zon comercial,-0.0067010894,99.66877,99.53334
habit vesti,-0.00684838,99.82145,99.84445
ascensor conjunt,-0.0068918946,99.83439,99.78612
entreg cortin,-0.006922996,99.67394,99.78612
cerr cuart,-0.006977989,99.60149,98.726425
zon comercial,-0.0071491534,99.705,99.562515
ban garaj cubiert,-0.0071914825,99.78781,99.77639
cel 310,-0.0072081187,99.58855,99.42641
infantil salon comunal,-0.0072958036,98.42409,97.890335
san patrici usaqun,-0.007304531,99.73088,99.79584
banc restaur,-0.007337399,99.47211,99.69862
balcn cocin,-0.007391839,96.07445,95.654305
cocin ban pati,-0.007416108,99.63513,99.2903
baos alcob,-0.007439443,99.80592,99.64029
colegi univers,-0.007453667,99.831795,99.73751
division vidri,-0.0074565765,99.715355,100.0
cocin pati,-0.0075189425,98.6311,99.66946
electr zon,-0.007632444,99.83439,99.99028
ubic zon,-0.007645587,99.81627,99.96111
ban garaj,-0.0077660945,99.774864,99.77639
lavanderi pis,-0.0077870055,99.82662,99.85417
comedor zon rop,-0.007881303,99.430695,99.095856
saln comedor,-0.007972411,99.78781,99.825005
deposit pis,-0.007993203,99.67653,99.99028
social cerc,-0.008032152,99.500565,99.73751
alcob baos,-0.008050111,96.21677,96.50011
walk closet ban,-0.008100356,99.792984,99.88334
duplex exterior,-0.00811931,99.80851,99.92222
barri residencial,-0.008131507,99.60667,99.89306
abiert zon,-0.008227496,99.83439,99.99028
chimene cuart,-0.008291631,99.76452,99.815285
bbq zon,-0.00831129,99.81627,99.86389
parqueader visit plant,-0.008322731,99.761925,99.90278
usaqun cod,-0.008324479,99.59373,99.36807
alcob principal bao,-0.008332158,99.58596,99.42641
baos pis,-0.008424613,99.549736,99.805565
cocin cuart,-0.008428471,99.49022,98.230606
vend lind,-0.008433336,99.2418,97.80284
barb habit,-0.00850913,99.723114,99.65973
gimnasi parqu,-0.008542746,99.710175,99.66946
comedor balcon estudi,-0.008586235,99.75934,99.825005
estudi cocin integral,-0.008662017,99.754166,99.79584
sal ref,-0.008736578,99.34271,99.40697
sal oacut,-0.008747631,99.570435,98.88198
ubic aven,-0.008768759,99.66618,99.16391
deposit edifici terraz,-0.008906416,99.75934,99.94167
chimene funcional,-0.008912463,99.46952,99.99028
pis alcob sal,-0.008917484,99.52644,99.591675
remodel ilumin,-0.008929721,99.59373,99.61112
gimnasi jueg infantil,-0.009017219,99.87061,100.0
ban priv cocin,-0.009060716,99.81886,99.83473
comedor cocin ban,-0.009094988,99.56785,99.42641
comunal piscin,-0.009103503,99.81886,99.83473
luz natural espaci,-0.009164744,99.75934,99.562515
alcob ban cuart,-0.009170195,99.83439,99.69862
comedor hall,-0.009178739,99.575615,99.54307
exterior esquiner,-0.0091934195,99.7904,99.61112
american zon lavanderi,-0.009237448,99.69982,99.63056
comedor pis lamin,-0.00924804,99.62737,99.94167
habit closet principal,-0.009265063,99.83439,100.0
principal zon,-0.009280477,99.84215,99.99028
infantil salon,-0.009289069,99.27803,96.83066
lind modern,-0.00933246,99.60925,98.4056
vigil 247,-0.009346402,99.81627,99.581955
saln social,-0.00940411,99.67653,99.36807
supermerc parqu,-0.009412049,99.80592,99.85417
colegi jardin,-0.0094121015,99.761925,99.73751
campestr cod,-0.009557332,99.7904,99.931946
abiert lavanderi,-0.009566416,99.41258,99.552795
pis pis,-0.009659252,99.65842,99.72778
barb usaqun,-0.009754863,99.49022,99.50418
tin ban,-0.009799539,99.73088,99.90278
cam segur,-0.009828763,99.74123,99.825005
iacut acces,-0.009860227,99.05031,96.42233
cuadr centr,-0.0098705515,99.6429,99.64029
remodel ubic,-0.009883564,99.461754,99.53334
deposit ascensor,-0.009885015,99.77745,99.92222
priv sal comedor,-0.009906924,99.619606,99.65001
vigil 24h,-0.009957503,99.36601,99.2514
baos cocin,-0.010001618,99.74899,99.50418
espaci ubic,-0.010001903,99.07101,98.93059
balcon exterior,-0.010011008,99.39447,98.92086
cocin abiert gas,-0.010063471,99.723114,99.44585
comedor pis,-0.010076645,99.29873,99.03753
closet ban complet,-0.010084895,99.68947,99.75695
deposit vigil,-0.0101490365,99.40224,99.98056
bao social sal,-0.010156486,99.81368,99.84445
integral balcon,-0.010180612,97.596,99.42641
ampli closet,-0.010214525,99.32978,99.87361
abiert integral,-0.010302569,99.54715,99.64029
complet habit,-0.010340082,99.7464,99.92222
vigil hor cerc,-0.010360295,99.831795,99.98056
alcob balcon,-0.010367137,99.50316,99.6014
cuart ban servici,-0.010389887,99.74123,99.931946
minut centr comercial,-0.010393701,99.754166,99.97083
carrer aven,-0.010405826,97.9764,99.54307
cerc parqu,-0.010409405,99.59114,99.931946
const hall,-0.01044225,99.78263,100.0
el cit,-0.010490692,99.492805,99.94167
bbq ubic,-0.010559977,98.70097,99.43613
noven pis,-0.010568475,99.583374,99.815285
parqu infantil vigil,-0.010690892,97.435555,98.95975
fcil acces,-0.010772234,99.76969,99.92222
infantil zon,-0.010789061,99.34271,99.78612
espaci comedor auxili,-0.010836985,99.65066,99.90278
ampli conjunt,-0.01091459,99.82145,99.77639
muebl mader,-0.010976494,99.82145,100.0
alcob cocin,-0.011006659,99.67136,99.61112
cerc univers,-0.011142803,99.148636,99.40697
habit ban cocin,-0.011171813,99.55491,99.319466
tranquil cerc,-0.011177181,99.80334,97.84173
chimene gas cocin,-0.011187781,99.79557,99.688896
cocin american,-0.01123414,99.77745,99.76667
ilumin ventil,-0.011254431,99.76969,99.78612
conjunt piscin,-0.011291803,99.309074,99.89306
excelent ilumin,-0.011312238,99.780045,99.99028
principal vesti bao,-0.011362982,99.68947,99.99028
piscin saun,-0.011363165,99.44364,99.77639
exterior ilumin,-0.011384242,99.33237,99.72778
cercan via,-0.011417303,99.73088,99.54307
ilumin balcon,-0.011486846,99.82662,99.90278
ubic facil,-0.011501035,99.7257,99.89306
agend cit,-0.0115192775,99.82145,99.66946
comercial cercan,-0.011524388,99.75675,99.19308
pis total,-0.011593716,99.28579,98.20144
gimnasi terraz bbq,-0.011634748,99.39965,97.66673
cocin tip american,-0.011776533,99.59373,99.67918
via acces,-0.011794602,99.792984,99.95139
pis vist interior,-0.011857223,99.82145,99.688896
habit closets,-0.01195237,99.824036,100.0
visit salon comunal,-0.011982017,99.78263,99.89306
pis estrat,-0.012136266,99.56009,100.0
garaj depsit,-0.012194878,91.17615,95.45014
ban estudi cocin,-0.012217163,99.32978,99.76667
residencial parqu,-0.012258942,99.301315,99.75695
ilumin natural ampli,-0.012293112,98.92351,99.62084
terraz parqueader,-0.0123066595,99.67653,99.94167
cra cerc,-0.012310869,98.4422,99.105576
residencial facil,-0.012341906,99.80075,99.89306
lavanderi garaj,-0.012460055,99.82662,100.0
estuf gas,-0.012465546,99.83439,99.87361
fond pis,-0.012484137,99.59631,99.01808
ciud cerc,-0.012506967,99.70759,100.0
360 grad,-0.012516408,99.76452,99.70834
remodel excelent acab,-0.012542931,99.60149,99.591675
ubic terc,-0.012568807,99.00373,99.73751
closet cuart,-0.0127295945,98.82518,98.77503
comedor balcn cocin,-0.012735099,99.67136,99.71806
call 134,-0.012764674,99.6636,99.99028
social sal chimene,-0.012765826,99.767105,99.9125
transmileni call,-0.012921283,99.531624,99.88334
recepcion vigil,-0.013027922,93.3523,96.31539
barri cercan,-0.013054828,99.7257,100.0
excelent condicion,-0.013147117,99.684296,99.805565
agu corrient,-0.013150226,94.43651,94.24463
pis mader granadill,-0.013200828,98.93904,98.65837
rod zon,-0.01320886,99.80334,99.90278
garaj zon,-0.013218807,99.56009,99.94167
interior alcob,-0.013227819,99.21333,99.5139
conjunt parqueader,-0.01326916,99.39447,98.8917
semi abiert,-0.013374622,98.56383,99.18336
closet pis,-0.013450177,99.68171,99.50418
pis vist exterior,-0.013505097,95.186905,92.727974
priv cubiert,-0.013600877,99.448814,99.63056
comedor independient ban,-0.013661009,99.76969,99.53334
exterior cuart,-0.01370912,98.514656,98.123665
ban principal,-0.013763263,99.6429,99.85417
ubic pis vist,-0.013863382,99.65583,99.338905
ventil natural,-0.013904514,99.58596,99.72778
habit hall,-0.013966438,98.5897,99.43613
ban sal comedor,-0.013999051,99.75675,99.85417
calent pas gas,-0.014080241,99.52904,99.40697
porteri recepcion,-0.014149541,99.831795,99.94167
zon lavanderi edifici,-0.0141771855,99.72053,99.73751
cuadr habit,-0.014205984,99.7464,99.96111
closet principal,-0.0142683275,87.36459,82.014465
cercan transport,-0.014352022,99.71277,99.931946
acces facil,-0.014367415,99.77228,99.18336
habit ban habit,-0.0144090885,99.60149,99.5139
administr xxx,-0.014430082,99.244385,99.066696
comercial facil,-0.014444624,99.60149,99.65001
verd cerc,-0.014505643,99.52644,99.815285
bao cocin,-0.014523088,99.58855,99.66946
comedor cocin zon,-0.014567102,99.58855,99.66946
horn electr,-0.014715206,99.75158,99.95139
garaj servidumbr,-0.014722076,98.91575,99.805565
servici ampli,-0.014768253,99.65842,99.89306
deposit escaler,-0.014811777,99.69465,99.95139
sector tranquil,-0.014821376,99.73864,99.98056
zon parqu,-0.014848254,99.52904,99.98056
recib sol,-0.014868332,99.77228,99.89306
servici nivel,-0.015128813,99.77228,99.99028
pis edifici,-0.015129662,99.33754,99.88334
squash gimnasi,-0.015213189,99.62219,100.0
abiert alcob,-0.015237507,99.73605,100.0
gas calent,-0.015247295,99.54715,99.65001
cocin pis,-0.015335836,99.50316,99.47501
comedor chimene cocin,-0.015600771,99.409996,100.0
pis vist,-0.015615459,99.80592,99.85417
chimene comedor independient,-0.015634872,99.22886,97.73479
ascensor cerc,-0.015670441,99.378944,99.6014
social sal comedor,-0.015768634,97.9557,98.979195
comercial edir,-0.015812982,99.80592,99.99028
calent gas zon,-0.01586396,99.831795,99.98056
alcob baos sal,-0.015866742,99.67653,99.79584
independient conjunt,-0.015890963,99.79816,99.97083
integral ban,-0.015929006,99.3039,99.75695
vesti alcob,-0.015933368,99.79816,99.96111
parqu infantil salon,-0.01599914,99.22886,99.17364
duplex cedrit,-0.016050197,97.31135,98.42504
social salon jueg,-0.016133346,99.77745,99.9125
porter vigil,-0.016139202,99.505745,99.90278
ntild pati,-0.016173288,99.73347,99.65001
usaqu cod,-0.016178919,99.82662,100.0
cocin integral zon,-0.016194912,97.64517,99.63056
espaci ideal,-0.016251784,99.80851,99.97083
ban parqueader cubiert,-0.016279403,99.78781,99.75695
rop cubiert,-0.016352216,99.47211,99.9125
interior vist,-0.016390491,99.50316,99.572235
comedor espaci,-0.01640836,99.68171,99.87361
abiert pis mader,-0.016488066,99.61702,99.50418
comedor estudi cocin,-0.01649557,99.11759,99.231964
social zon lavanderi,-0.016613064,99.422935,99.74723
sal comedor ambient,-0.016630866,99.79816,99.89306
social vigil,-0.016632132,99.76969,99.88334
canch deport,-0.016639365,99.78522,99.90278
walking closet ban,-0.016705856,99.792984,99.94167
nort cerc,-0.016709754,99.01926,98.91114
parqueader ubic,-0.016809883,94.88933,92.601585
espaci ilumin,-0.016855363,99.76969,99.86389
zon residencial,-0.016922582,99.62478,99.815285
shut basur,-0.016948672,99.73864,99.815285
acab ilumin,-0.016949303,99.58079,99.49446
contador usaqun,-0.017000407,99.69206,99.61112
gas zon rop,-0.017032133,98.82518,99.76667
ver conocel,-0.017088419,99.80334,100.0
ban pis ceram,-0.017105216,98.926094,99.52362
hermos zon,-0.017156346,99.723114,99.95139
ban cocin,-0.017255384,99.62737,99.99028
vist exterior cocin,-0.01725878,99.54456,99.48473
movist aren,-0.017276092,99.26767,99.095856
ban social cocin,-0.017341897,99.63772,99.99028
distribucion sal,-0.017344207,97.89877,96.83066
ubic sext pis,-0.01737871,99.702415,99.581955
modern ubic,-0.017430171,94.21139,95.916794
ilumin natural pis,-0.017461363,99.60407,99.87361
zon rop independient,-0.017521089,99.15123,99.87361
hermos alcob ban,-0.017678663,99.80592,99.572235
edifici pis,-0.017714685,99.301315,99.92222
rop parqueader,-0.017723987,87.71913,84.31846
habit ampli,-0.01778575,99.723114,99.329185
dobl ascensor,-0.01779945,94.149284,95.95568
modern excelent,-0.017930822,99.5782,98.30838
cocin integr,-0.017966582,99.49539,99.825005
cuadr carrer,-0.018024966,99.74123,99.83473
colegi jardin infantil,-0.018094204,99.0089,99.48473
rop independient parqueader,-0.018107342,98.522415,99.231964
nivel terraz,-0.018190062,98.944214,99.79584
pis lamin cocin,-0.018197514,99.8111,99.552795
ampli zon verd,-0.018276358,99.500565,99.65001
ban pati rop,-0.018302685,97.75903,99.15419
deposit edifici ano,-0.018347604,98.83294,98.04588
tit plaz,-0.018557157,98.553474,99.2028
rop hall,-0.018627826,99.84215,99.95139
nivel habit,-0.018728534,99.42552,99.65001
excelent acces,-0.01875335,98.11097,97.86117
residencial cerc,-0.018761197,99.07359,99.095856
excelent barri,-0.018784562,99.71794,99.78612
est ubic,-0.018867321,99.48245,99.64029
segur cerc,-0.018884676,99.70759,99.84445
edifici saln comunal,-0.018910717,99.61184,99.63056
bbq gimnasi,-0.018915242,99.2832,99.18336
excelent distribucion,-0.0189343,99.67394,99.64029
vist orient,-0.019124566,99.75158,99.54307
acces edifici,-0.019185344,99.56526,99.40697
balcon parqueader line,-0.019257499,99.774864,99.74723
ban social complet,-0.019303855,98.96751,96.66538
parqu comerci,-0.019516256,97.89101,94.516846
verd bbq,-0.019556185,99.82662,99.98056
conjunt salon social,-0.01956745,99.710175,98.68754
segur hor,-0.019592606,99.72053,100.0
comerci restaur,-0.019670932,99.75934,99.95139
transport public,-0.019792706,99.81627,100.0
nivel independient,-0.019872677,99.66618,99.99028
natural zon lavanderi,-0.019974625,99.836975,99.84445
cocin zon rop,-0.020108528,99.75158,99.65973
distribu alcob,-0.020347841,99.81368,99.99028
pis ampli espaci,-0.02035736,99.492805,99.5139
alcob closet principal,-0.020393914,99.7904,99.805565
ilumin habit,-0.02039589,99.68171,99.99028
gas cortin,-0.020421967,99.8111,99.69862
centr comercial edir,-0.020477967,99.81886,99.572235
ban duch,-0.020663058,99.83439,99.75695
gas zon,-0.020714,99.836975,99.86389
conjunt vigil,-0.020723414,99.78263,99.688896
cocin ntild,-0.020807974,99.45141,99.552795
bao servici pis,-0.020889394,90.41022,90.861305
sitp transmileni,-0.020922106,99.08136,99.12502
auxili zon lavanderi,-0.021098921,99.81368,99.9125
bbq saln comunal,-0.021101655,99.55491,99.455574
cerc import,-0.021114381,96.25817,95.37237
vesti bao,-0.021181475,99.74381,99.47501
dobl cubiert,-0.02134413,99.46434,99.85417
sal comedor balcon,-0.021393476,99.66101,99.92222
chimene cocin cerr,-0.02144664,99.64807,99.74723
excelent alcob,-0.021488559,99.7904,99.83473
terc pis habit,-0.021497902,99.56009,99.84445
compart habit,-0.021508254,96.54539,96.908424
edifici ofrec,-0.021825427,98.36457,98.745865
aven noven,-0.021913221,99.23403,99.222244
antigued ano,-0.022026533,99.67394,99.61112
principal alcob,-0.02219034,99.01666,98.22089
calent pas,-0.022255218,98.5043,98.143105
abiert zon lavander,-0.022299241,99.68947,99.688896
exterior pis,-0.022313459,99.13052,99.00836
pis cerc,-0.02231705,99.10206,95.673744
ubicacin estratg,-0.022545941,97.45627,97.86117
integral sal comedor,-0.022639494,98.93904,98.87225
social parqu infantil,-0.022705905,99.60407,99.69862
pis alfombr,-0.022748135,99.38154,99.47501
zon lavander,-0.022883268,99.43329,99.309746
alcob pis,-0.022888452,99.77228,99.99028
verd parqueader,-0.022925671,99.78263,99.84445
barri unid,-0.022932922,99.453995,99.76667
estudi sal comedor,-0.022939045,99.7257,99.41669
ban ban alcob,-0.022946596,99.15382,99.42641
zon comun,-0.022994475,99.50833,99.30002
parqueader sotan,-0.023012524,98.86917,98.493095
barb oriental,-0.023027614,99.82662,99.805565
barri contador,-0.023097614,99.6429,99.455574
visit cerc,-0.023113638,99.35566,99.40697
zon residencial comercial,-0.023246173,98.88728,98.48337
ampli habit,-0.02329385,99.49539,99.37779
balcn bao,-0.023351956,99.73347,99.79584
cedrit const,-0.023428421,99.71794,100.0
habit ban sal,-0.023503859,99.83439,99.329185
modern habit,-0.02350574,99.824036,99.94167
pis cocin,-0.023513453,96.868835,96.96676
cocin abiert sal,-0.02357741,99.82145,99.72778
remodel habit,-0.023780126,98.44997,98.42504
parqueader visit,-0.023922507,98.60781,99.26113
lavand iacut,-0.023949824,99.79557,99.83473
electr zon lavanderi,-0.023962025,99.22627,99.455574
deposit parqueader,-0.023971932,99.78263,99.99028
parqueader descubiert,-0.024005385,99.11759,98.52226
const sal,-0.024126045,99.575615,99.61112
parqueader conjunt,-0.024160558,99.824036,99.84445
univers centr,-0.02418448,99.583374,99.70834
semi abiert zon,-0.024190782,99.80334,99.88334
garaj lne,-0.024396403,99.640305,99.52362
cocin semi,-0.024493812,99.65583,100.0
hom cent,-0.0245276,99.81886,99.98056
ilumin ubic,-0.024565235,99.640305,99.338905
are sal comedor,-0.024674347,99.513504,99.65973
ascensor salon,-0.024731552,99.619606,99.455574
social bbq,-0.024795454,99.82145,99.94167
lavander bao,-0.024822922,99.30649,98.64865
alcob ban alcob,-0.02492367,99.80592,99.74723
dobl parqueader,-0.024964567,99.774864,99.53334
cedrit usaqu,-0.02506767,99.56009,99.19308
exterior luz,-0.025154179,99.68171,99.73751
apartaestudi sant barb,-0.025352644,99.73864,99.825005
barr american,-0.025449114,99.19522,98.745865
gas natural zon,-0.025623381,99.715355,99.65001
garaj sal,-0.025763163,99.371185,99.18336
auxili garaj,-0.02576773,99.88873,100.0
bbq jueg infantil,-0.025866652,99.63772,99.76667
sant barb central,-0.026022935,98.004875,98.88198
jueg sal,-0.026060633,98.004875,98.88198
inclu administr,-0.026080782,96.98528,98.27921
parqueader independient cubiert,-0.026142366,98.87694,99.12502
cedrit vend,-0.026343944,99.44364,99.72778
ascensor torr,-0.026406867,99.80592,99.85417
independient garaj,-0.02641604,99.836975,99.931946
servici garaj line,-0.026649887,99.72053,99.931946
ubic call,-0.02667952,98.90022,99.455574
cerc estacion,-0.026789326,99.7257,99.92222
walking closet bao,-0.02682633,99.83439,99.89306
constru excelent,-0.02685684,99.653244,99.552795
edifici vigil,-0.026912961,99.58855,99.6014
calid vid,-0.026929513,99.45658,99.2514
semi integral,-0.027003163,99.69465,99.16391
abiert tip american,-0.027064918,99.583374,99.688896
esquiner remodel,-0.027220514,98.64404,99.44585
barri vill,-0.02727212,99.25991,99.78612
caracterist adicional,-0.027326856,99.52644,99.231964
pis remodel,-0.027444795,99.74899,99.97083
tip american,-0.027726918,99.74381,99.92222
distribu sal,-0.027834628,99.83439,99.86389
ubic pis,-0.027917804,99.79816,99.74723
ban habit principal,-0.027918074,99.00632,99.212524
distribu pis,-0.027954213,99.80851,99.89306
const habit,-0.02828691,99.63513,99.97083
lavander habit,-0.028496243,99.715355,99.67918
sal cocin,-0.028498797,99.71277,99.825005
balcon pequen,-0.028554557,99.71794,99.805565
carrer septim,-0.028707838,99.192635,99.19308
par par,-0.028843852,99.774864,99.78612
parqueader servidumbr,-0.028934043,99.653244,99.71806
principal via,-0.029022688,95.16362,92.621025
barb sant,-0.029128298,99.78522,99.72778
ban ban auxili,-0.02915211,97.21043,95.58625
independient cubiert,-0.029210767,99.60667,99.79584
jacquelin martin,-0.02925345,99.17193,99.14447
zon rop,-0.029305689,99.653244,99.84445
lavanderi independient alcob,-0.029409517,48.906662,56.048286
conjunt ascensor,-0.029495759,97.94535,98.07506
ventilacin natural,-0.02950317,96.57385,97.80284
alcob ban pis,-0.029534023,98.6104,99.212524
zon alta,-0.029594066,99.62996,99.61112
parqueader pis,-0.02964613,97.1509,97.81256
ilumin lind,-0.029712643,99.66877,99.90278
vigil hor parqueader,-0.029726382,98.63369,99.44585
excelent distribucin,-0.029774256,95.62679,95.92651
acces transport,-0.029793978,99.81368,99.95139
estacion transmileni,-0.029799946,99.62737,99.97083
via acces ubic,-0.029841043,99.441055,99.591675
principal bao,-0.029889204,99.24956,99.67918
edifici terraz,-0.029998852,99.82921,99.62084
ascensor parqueader,-0.030023923,99.461754,99.61112
zon lavanderi,-0.030053545,99.18228,99.241684
bao priv bao,-0.030399645,99.77745,99.84445
cuart pis ascensor,-0.030421529,99.56785,99.74723
cuart pis,-0.03042514,98.96751,98.006996
rut transport,-0.030593684,99.3246,99.825005
zon rop garaj,-0.030631427,99.80592,99.92222
ban alcob cocin,-0.030667357,99.81627,99.931946
bbq cerc,-0.030861052,99.76452,99.90278
ban social nivel,-0.030986821,99.36342,99.01808
zon tranquil,-0.031143907,99.60149,99.63056
principal ntild,-0.03124958,99.52904,99.86389
conjunt residencial,-0.031316124,99.66101,99.84445
remodel estren,-0.031354133,99.29355,99.066696
excelent pis,-0.031518668,99.78781,99.931946
ubic quint,-0.03172701,99.86285,100.0
calent elctric,-0.031731892,99.8732,100.0
integral cuart ban,-0.031923305,99.40224,100.0
zon comercial supermerc,-0.031931955,99.33237,98.979195
cedr boliv,-0.032038927,96.514336,96.32511
remodel excelent,-0.032121312,99.78263,99.805565
nort sector,-0.032130834,99.8111,99.572235
remodel exterior,-0.03220727,97.59083,98.006996
sector residencial,-0.032212935,98.72426,98.32782
entrad luz,-0.032233927,88.82662,89.062675
are social,-0.03226175,98.669914,98.60976
parader sitp,-0.03227809,96.89213,98.386154
vigil hor,-0.032466855,99.58079,99.6014
luz natural,-0.03272322,99.824036,99.95139
excelent vist exterior,-0.03280439,99.56785,99.79584
rod parqu,-0.032870617,99.83439,99.825005
ilumin edifici,-0.033016205,99.75675,99.71806
closet baos,-0.033095498,99.14088,98.6292
alcob cuart,-0.03312296,90.15405,94.448784
social zon rop,-0.033131987,99.76969,99.96111
cocin estil,-0.033153705,99.723114,99.95139
social zon verd,-0.03316579,99.836975,99.98056
cerr parqueader,-0.03322976,99.25473,99.455574
lavanderi parqueader,-0.033502363,99.66877,99.73751
principal bao bao,-0.033712473,99.505745,99.63056
complet zon,-0.03374993,99.72053,99.95139
cocin abiert garaj,-0.033809822,99.761925,99.98056
ilumin pis,-0.03414585,99.88614,99.95139
habit ban estudi,-0.03415129,99.67653,99.97083
ban zon lavanderi,-0.03415464,99.79816,99.95139
acogedor ubic,-0.03416406,99.723114,99.96111
acab ampli,-0.034480527,97.580475,99.90278
centr comercial plaz,-0.0344945,99.62219,100.0
lavanderi ban social,-0.034505267,99.50833,99.98056
principal ban,-0.03454202,98.879524,99.86389
saln comunal,-0.03463652,89.02328,99.64029
cuadr aven,-0.034655903,97.68657,99.98056
salon social sal,-0.03472042,99.52386,99.97083
ceram garaj,-0.03475311,99.80334,99.99028
social complet,-0.034755733,99.64807,100.0
estacin transmileni,-0.034847084,99.52127,99.98056
bao sal comedor,-0.03509199,98.99079,100.0
cocin gas,-0.035111405,99.80334,100.0
cuadr boyac,-0.03516438,99.80334,100.0
bbq salon,-0.03528458,99.86285,99.99028
conjunt salon,-0.035454914,98.08509,99.2903
garaj independient deposit,-0.035467383,99.73605,100.0
lamin garaj deposit,-0.035511687,99.844734,100.0
comedor independient zon,-0.035569955,99.640305,99.6014
total termin,-0.035637625,99.74899,99.88334
usaqun inf,-0.035651106,98.38786,98.45421
social pis,-0.03569202,99.80334,99.75695
alcob closet,-0.03578659,99.79557,99.79584
parqueader edifici,-0.03587191,99.82921,98.41532
encontr habit,-0.03606467,99.513504,98.979195
natural parqueader,-0.03615622,99.122765,99.36807
parqu restaur,-0.036236204,98.995964,98.26949
boyac cerc,-0.03628502,99.55232,99.41669
sector cerc,-0.036334854,99.71277,99.688896
salon comunal,-0.03635177,97.14055,98.15283
cubiert pis,-0.036512263,99.640305,99.74723
balc oacut,-0.036548752,99.71277,99.88334
natural ambient,-0.036631275,99.60925,99.85417
natural ampli,-0.036692806,98.93645,99.086136
cocin cerr,-0.03675554,99.82921,99.90278
garaj cubiert depsit,-0.036821395,99.72829,99.66946
edifici ubic,-0.03682837,99.80851,99.96111
quint pis,-0.036839385,99.80075,99.77639
pis exterior sal,-0.036907956,99.52127,99.53334
remodel pis,-0.036932256,99.6429,99.69862
salon comedor,-0.03694499,98.45255,94.84739
independient cocin,-0.036958527,99.16675,95.79041
transmileni mazur,-0.03697709,99.76452,99.96111
zon verd parqu,-0.037218086,99.70759,99.2028
rea social,-0.037279304,99.19005,98.969475
vigil veinticuatr,-0.037814602,99.67912,99.75695
parqueader deposit,-0.03794034,99.16675,99.72778
piscin jacuzzi,-0.037942287,99.513504,99.50418
cerc call,-0.03828461,99.68688,99.63056
pis habit ban,-0.03834023,99.81886,99.52362
local comercial ban,-0.038366247,99.79557,99.241684
lavanderi garaj cubiert,-0.0384743,97.05774,97.03481
piscin salon,-0.03848982,99.75934,99.76667
minut centr,-0.03851303,99.50316,99.222244
are comun,-0.038600843,99.25473,99.03753
mader natural,-0.03884447,99.109825,99.105576
salacomedor cocin,-0.038931463,99.81886,99.83473
caob salaz,-0.038978007,99.60667,99.18336
cocin integral cerr,-0.039027277,99.109825,99.39724
medi cuadr,-0.03920728,98.12391,96.519554
rop parqueader cubiert,-0.03942447,99.60925,99.572235
bah parque,-0.039495777,99.562675,98.3181
lind cocin,-0.039523143,99.774864,99.69862
parqu zon verd,-0.03964178,99.73605,99.95139
exterior remodel,-0.03971559,99.570435,99.67918
ubic ilumin,-0.039914496,99.831795,99.88334
priv walking,-0.040048797,99.77745,99.87361
comedor cocin,-0.04007166,98.68027,97.900055
ubic sector fcil,-0.04024418,99.74123,99.581955
call tranquil,-0.040259585,98.94163,99.03753
exterior ascensor,-0.04032792,99.65842,99.85417
excelent inversion,-0.04042524,99.80851,98.979195
ideal remodel,-0.040688485,98.29987,97.608406
centr internacional,-0.040724207,99.79816,99.65973
ltim pis,-0.040834717,99.122765,99.076416
visit bicicleter,-0.040866546,99.632545,99.572235
abiert comedor,-0.040914908,99.20557,98.90142
hall alcob ban,-0.041058507,99.34789,99.69862
autop sur,-0.041068666,99.81368,100.0
lind duplex,-0.041296545,99.7904,99.92222
acab cocin,-0.0413327,99.761925,99.562515
comedor chimene alcob,-0.041386046,99.78781,99.47501
cuadr estacion,-0.041545503,98.72167,97.122314
exterior parqueader,-0.041621726,99.353065,99.2028
lamin excelent,-0.04208288,99.19781,99.39724
conjunt cerr,-0.042241026,99.614426,99.90278
ban parqueader deposit,-0.04239978,99.35048,99.90278
pis garaj,-0.042405054,99.79816,99.94167
pis quint,-0.042419188,99.41776,98.95003
ampli vist,-0.042704467,98.37234,98.68754
pis ilumin,-0.042775415,99.61184,99.48473
vend excelent,-0.043038312,98.75272,98.44449
cerc transmileni,-0.04321166,98.62593,98.35699
segur parqueader,-0.043238826,99.702415,99.73751
natural vist,-0.04362203,99.62996,99.67918
social gym,-0.043629367,99.33237,98.88198
cocin integral,-0.043935906,99.780045,99.79584
const alcob principal,-0.043974675,99.767105,99.62084
infantil salon social,-0.044226453,98.69062,98.25977
call 116,-0.044365313,99.562675,99.2903
parque visit,-0.044390485,98.76825,99.47501
habit closet,-0.044463597,99.22109,99.65973
garaj descubiert,-0.044581436,97.8082,97.83201
cedrit pis,-0.044602085,99.80075,99.88334
cubiert conjunt,-0.044669505,99.07618,98.78476
terc nivel alcob,-0.044689454,99.73347,99.9125
ascensor zon,-0.044721775,96.28404,95.58625
haciend sant,-0.04485023,99.74381,99.688896
cerc supermerc,-0.044884738,97.47438,96.73344
ubic frent parqu,-0.04503925,99.81627,99.73751
ban terc,-0.045086335,99.2832,99.348625
tip calent,-0.04511468,99.715355,99.69862
cocin independient,-0.045328572,98.65957,98.95975
ilumin excelent,-0.045537747,99.632545,99.74723
habit principal ampli,-0.045604926,99.54715,99.241684
sector tranquil residencial,-0.045717396,99.74899,99.63056
haciend sant barb,-0.045733627,99.792984,99.97083
comedor cocin habit,-0.04577354,99.81627,99.65001
closet ban,-0.045958724,99.39965,99.47501
pati pis,-0.04628388,99.79557,99.9125
ilumin ban,-0.04635704,99.20557,99.65973
lug tranquil,-0.04685484,99.67653,99.87361
habit excelent,-0.04699828,99.45658,99.44585
espaci ilumin natural,-0.04736867,99.705,99.98056
lavanderi garaj deposit,-0.04753871,99.66101,99.805565
modern espaci,-0.048066907,99.74899,99.89306
interior terraz,-0.048072778,99.83439,100.0
lavador secador,-0.048094057,99.59114,99.931946
lamin cocin,-0.048226167,99.59114,99.931946
ban remodel,-0.04825684,99.73088,99.83473
closet ampli,-0.04831132,99.52386,99.78612
vesti ban ban,-0.048364505,99.754166,99.84445
natural habit,-0.048646096,99.710175,99.931946
alcob principal vesti,-0.048669357,99.76969,99.78612
ascensor ubic,-0.048969105,99.479866,98.745865
hermos acogedor,-0.04908568,99.71794,99.98056
torr pis,-0.049104467,99.80075,99.98056
cerr are,-0.049254086,99.836975,99.98056
conjunt cerr vigil,-0.049289804,98.50172,99.61112
are lavanderi,-0.049365412,99.73605,99.94167
pis excelent,-0.049599383,95.40426,97.22925
centr comercial,-0.04966325,99.66877,99.95139
vend barri,-0.049961492,99.57303,99.76667
excelent transport,-0.049995974,99.531624,99.17364
comedor chimene pis,-0.05022828,99.48763,99.90278
vist interior,-0.050275177,99.21592,98.94031
are terraz,-0.050275475,99.7464,99.6014
rentahous capital,-0.05031435,99.10724,99.5139
cmod acces,-0.05040671,99.71277,99.72778
salon social,-0.050764192,99.5989,99.62084
call 140,-0.051194835,99.75675,99.465294
pis exterior alcob,-0.05136044,93.73786,94.4974
vesti ban priv,-0.051638942,99.441055,99.572235
luz led,-0.05172523,99.32719,99.28058
conjunt parqu,-0.051828023,99.80075,99.805565
bbq parqu,-0.051847685,99.1771,98.79448
comunal gimnasi parqu,-0.052139495,99.71794,99.63056
sant mari,-0.052156977,99.72053,99.329185
cerc via,-0.052273765,98.675095,99.15419
interior excelent,-0.05231381,99.83439,99.74723
facil acces supermerc,-0.05245534,99.65583,99.79584
pis exterior esquiner,-0.052853033,99.5575,99.63056
barb pis,-0.052865725,99.46434,99.36807
sector facil via,-0.053086862,99.82145,99.70834
edifici ascensor,-0.053089112,99.41776,99.49446
priv conjunt,-0.053108096,99.84732,99.94167
terc pis ascensor,-0.05318698,98.77342,99.16391
are estudi,-0.053352743,99.77228,99.97083
ban complet,-0.053430945,99.218506,98.6292
acces cra,-0.053437922,99.46693,99.64029
exterior lind,-0.053514678,99.69465,99.85417
independient parqueader independient,-0.053636264,99.531624,99.552795
saun gimnasi,-0.053752206,99.33754,99.222244
are lav,-0.0537971,98.5483,98.76531
comunal ubic,-0.05402219,99.36601,99.581955
ban chimene,-0.054405537,99.8111,99.98056
bao pis,-0.054598887,99.83956,99.86389
ilumin ampli espaci,-0.05469509,94.62282,95.411255
are rop,-0.0548377,98.413734,98.68754
excelent espaci,-0.05518156,99.82662,99.87361
cubiert cerc,-0.055216905,99.83439,99.6014
cubiert const,-0.055500407,99.513504,98.7167
integral estuf,-0.05556225,99.5368,99.99028
barri cedrit,-0.05557189,99.58079,99.84445
hermos alcob,-0.055614285,99.56009,99.62084
control remot,-0.055853143,98.08509,97.68618
cedrit excelent,-0.055949572,99.75934,99.95139
social parqueader,-0.055998456,99.2832,99.36807
ubic excelent,-0.056226764,99.41517,98.92086
parqueader deposit pis,-0.05632177,99.76452,99.78612
estil american,-0.05637706,99.26508,99.65973
hermos cedrit,-0.05645753,99.77228,100.0
cubiert deposit,-0.0564905,99.22109,99.2028
abiert parqueader,-0.05653281,93.96557,96.30567
lavanderi independient habit,-0.05666411,99.824036,99.9125
centr ciud,-0.056731448,99.75934,99.931946
ilumin alcob,-0.056814082,99.71277,99.73751
ingres encontr,-0.05700187,99.62478,99.50418
cerr cuart bao,-0.057187144,99.68171,99.465294
garaj dobl cubiert,-0.057206683,99.60407,99.97083
www inmobiliariaprofesional,-0.05733171,98.809654,98.51254
vend duplex,-0.057680614,99.824036,100.0
pis lamin,-0.05789197,99.56009,99.222244
unicentr parqu country,-0.057979837,99.51609,100.0
recepcion tip,-0.05810739,95.34216,96.01401
cocin habit,-0.058134254,99.7257,98.29866
estren excelent,-0.058161665,99.52127,99.28058
plaz amer,-0.058703758,99.80334,99.44585
cedrit are,-0.05870934,99.23403,99.16391
call boyac,-0.058824018,99.79816,99.83473
espaci estudi,-0.05884381,99.68688,99.70834
mader alcob,-0.059014957,99.79816,99.76667
comerci cercan,-0.05906356,99.754166,99.66946
cedrit habit,-0.059065387,99.479866,99.27086
restaur parqu,-0.059119426,97.08103,97.41396
cercan zon comercial,-0.059439175,99.80851,99.805565
pis terraz,-0.059682585,99.0943,99.03753
puent arand,-0.05989242,99.60667,99.79584
ilumin parqueader,-0.05997342,99.80592,99.99028
edifici modern,-0.06015937,99.0943,99.931946
parqueader priv,-0.06018723,96.46518,96.636215
dian paol,-0.060637977,99.67136,99.338905
servici transport,-0.06077535,99.780045,99.76667
cedrit hermos,-0.061048742,99.780045,99.89306
ubic sector tranquil,-0.061190024,99.82662,99.74723
ascensor alcob,-0.061260477,99.51609,99.581955
cuart pis interior,-0.061276354,99.148636,99.50418
port alegr,-0.061403267,99.78781,99.97083
sitp aliment,-0.061833277,96.99305,96.34455
garaj edifici,-0.06187083,99.5989,99.67918
balcon walking,-0.062072847,99.824036,99.805565
parqu principal,-0.06216973,99.824036,100.0
complement parqueader,-0.06235556,99.80592,100.0
mes bill,-0.06253721,99.65583,99.65973
gas parqueader,-0.062927574,99.74381,100.0
san alej,-0.06322368,96.49622,99.97083
parqueader cubiert,-0.063243255,99.82145,100.0
cubiert ascensor,-0.06357426,99.754166,100.0
porteri vigil,-0.063638784,99.60667,100.0
pis ceram,-0.06377519,99.79557,100.0
deposit excelent ubic,-0.06378615,99.79557,100.0
116 cra,-0.064629816,99.83439,100.0
hermos terraz,-0.06481683,99.80334,99.52362
cedrit ubic,-0.06491087,99.83439,99.84445
verd salon social,-0.065043576,99.632545,99.96111
luz gas estrat,-0.06507522,99.645485,100.0
cedrit rah,-0.06512851,99.57303,99.79584
espaci ampli ilumin,-0.065592565,99.378944,99.65973
closet bao,-0.065611,99.309074,99.63056
pis cermic,-0.065915644,99.79816,99.96111
abiert estuf,-0.06617909,99.52644,99.75695
habitacin bao,-0.06623822,99.684296,99.86389
sal chimene balcon,-0.066635266,98.9468,98.77503
cod vgcs,-0.06680238,99.74123,99.48473
priv closet,-0.06688038,99.824036,99.89306
edifici inteligent,-0.06761706,99.74381,99.94167
remodel alcob,-0.06790987,99.82921,99.9125
cerc iglesi,-0.068604134,99.66101,99.66946
sal comedor garaj,-0.069059834,99.80075,99.825005
garaj deposit,-0.06941796,99.36083,99.84445
cedrit espectacul,-0.06947011,99.79816,99.90278
sal comedor,-0.06988013,99.81368,100.0
priv garaj,-0.0701133,99.82145,100.0
edifici excelent,-0.070421755,99.645485,99.688896
zon social cocin,-0.07096116,99.80851,99.76667
comedor balcon parqueader,-0.07134373,99.76969,99.89306
ubic edifici,-0.07174962,98.918335,99.066696
excelent manten,-0.07189139,98.65957,98.133385
centr salud,-0.07209679,99.80075,99.88334
mader parqueader,-0.07221356,99.67136,99.562515
are pis,-0.072415724,99.62478,99.581955
interior pis,-0.07246844,86.601036,90.60852
distribu habit,-0.07255612,99.340126,99.815285
cocin barr,-0.07286195,99.20039,99.65001
cedrit cod,-0.0730678,99.7464,99.90278
entreg inmediat,-0.073332444,96.05892,96.74316
distribucion espaci,-0.0734019,99.702415,99.72778
cocin abiert barr,-0.07461728,99.51868,99.87361
sant barb ubic,-0.07466367,98.274,98.41532
comercial mazur,-0.074960254,99.73088,99.72778
interior ilumin,-0.07496925,93.84136,93.243256
present acogedor,-0.07530036,99.80334,99.76667
belmir usaqun,-0.075319454,99.58855,99.48473
constru habit ban,-0.07569325,99.35566,98.48337
vist cerr oriental,-0.07647042,99.83439,99.94167
pis mader lamin,-0.07666893,99.6429,99.64029
complet cocin,-0.07704202,97.43814,98.70698
garaj cubiert,-0.077078395,99.774864,99.825005
const ampli,-0.077147864,99.684296,100.0
dom corrediz,-0.07736645,99.893906,100.0
alcob ban parqueader,-0.07766606,99.705,100.0
cerr cuart ban,-0.077853486,99.792984,100.0
vend cedrit,-0.077950105,99.914604,100.0
gimnasi sal jueg,-0.07832036,99.82921,99.98056
centr comercial sant,-0.07894849,99.73864,99.92222
balcon lind,-0.079378806,99.59114,99.53334
viv cerc,-0.07999078,99.81886,99.47501
parqueader ampli,-0.08051456,99.72829,99.97083
cocin parqueader,-0.08051926,99.73864,99.01808
san martin,-0.080716066,99.53939,99.26113
servici nivel alcob,-0.081067815,99.045135,98.43476
habit baos parqueader,-0.081908576,99.3246,99.52362
interior ascensor,-0.08278817,98.51207,96.75288
gimnasi salon jueg,-0.08574479,99.33237,99.00836
priv edifici,-0.08574514,99.0089,96.383446
terc pis alcob,-0.08591362,99.619606,99.319466
colin campestr,-0.086199135,99.80851,99.815285
parqu acces,-0.08690586,99.79816,99.65973
garaj ampli,-0.08717653,98.03075,98.3181
pis interior,-0.08836973,99.45658,98.83337
garaj conjunt,-0.08969095,99.570435,99.48473
ver el,-0.090269186,98.343864,97.890335
comedor parqueader,-0.09137721,98.47843,98.998634
ascensor parqu,-0.09154676,99.81886,99.87361
call 147,-0.09156204,99.73605,99.222244
ambient estuf calent,-0.09204511,99.67912,99.76667
servici alcob principal,-0.09609716,99.792984,99.85417
social alcob alcob,-0.097033896,99.7904,99.87361
call 170,-0.09766783,97.96605,95.673744
terraz comunal zon,-0.097840354,99.24956,98.8917
call sur,-0.09830605,99.73605,99.62084
hermos apartaestudi,-0.09858202,96.462585,95.654305
acogedor excelent,-0.098872885,98.60264,98.376434
zon verd jueg,-0.09993816,99.549736,99.581955
cocin cerr ampli,-0.10219584,99.774864,99.92222
ubic cedrit,-0.10261345,99.792984,99.87361
ampli pati rop,-0.10354648,99.836975,99.95139
edifici automatiz,-0.10660974,99.549736,99.815285
minut dio,-0.10725969,99.76452,99.72778
estuf calent,-0.10875245,99.40224,99.75695
bas ofert,-0.10899164,99.78522,99.79584
ascensor garaj,-0.1097339,99.1771,99.2903
apartaestudi estren,-0.11131328,99.37636,99.67918
social excelent,-0.11210695,99.72053,99.931946
clinic sant,-0.11230734,99.5989,99.84445
cedrit habit ban,-0.11328106,96.46518,97.151474
apart estudi,-0.113422796,99.76452,99.92222
pis ascensor,-0.11356176,97.30876,96.79176
tip loft,-0.1142602,99.74123,99.75695
garaj ascensor,-0.115098156,99.583374,99.83473
cedrit cedrit,-0.11637208,99.48245,98.79448
lavanderi comunal,-0.117112994,98.43185,99.05697
habit independient,-0.120025426,99.68688,99.76667
cedrit lind,-0.12262284,99.575615,99.815285
credit bancari,-0.12553698,98.35939,99.41669
remodel parqueader,-0.13419683,99.831795,99.98056
espectacul apartaestudi,-0.13572682,93.724915,93.593254
integral parqueader,-0.13582459,79.80408,82.033905
apartaestudi cedrit,-0.1366904,99.653244,99.67918
acces cuadr,-0.13895048,98.248116,97.618126
cedr golf,-0.14279667,99.767105,99.77639
san antoni,-0.14397018,99.60407,99.805565
ciud cali,-0.1476131,99.42552,99.44585
cedrit usaqun,-0.14926666,99.60407,99.96111
modern apartaestudi,-0.14927617,99.5782,99.67918
kennedy central,-0.14964098,99.81368,99.86389
parqueader comunal,-0.15212707,98.732025,99.05697
portal nort,-0.15595481,99.35566,99.5139
vill rio,-0.16349505,99.831795,99.805565
parqu alcal,-0.16396429,95.70701,96.33483
cedrit nort,-0.16669546,99.7464,99.87361
vill alsaci,-0.17045672,89.10091,86.18499
edifici tranquil,-0.18992218,99.836975,99.83473
vend apartaestudi,-0.19764678,98.88211,97.491745
hayue el,-0.20336601,99.55491,99.6014
vill gran,-0.20825559,97.97123,97.618126
partament ideal,-0.22142746,99.754166,99.86389
apartaestudi ubic,-0.222017,99.705,99.74723
apartaestudi sant,-0.22627531,93.09355,87.7599
apartaestudi san,-0.23125912,99.49022,98.29866
unicentr occident,-0.26051554,99.56526,99.50418
prader nort,-0.2605407,98.861404,98.82364
vill mediterrane,-0.26698712,90.34294,96.150116
sant teres,-0.3074101,99.79557,99.94167
lind mts2,-0.3386674,98.75272,99.6014
aprovech excelent carolin,-0.45888096,99.7257,99.39724
